time,CO,CO_model,NO2,NO2_model,O3,O3_model,SO2,SO2_model,PM2.5,PM2.5_model,PM10,PM10_model
2022-01-27 01:00:00,300.0,320.99997,12.0,12.531249,65.0,47.999996,4.0,0.7539062,26.6,32.124996,29.6,36.874996
2022-01-27 02:00:00,300.0,310.99997,12.0,12.531249,61.0,48.749996,4.0,0.7304687,29.0,31.562498,32.4,35.749996
2022-01-27 03:00:00,200.0,310.99997,15.0,13.718749,58.0,47.999996,3.0,0.7304687,38.3,32.124996,42.8,36.249996
2022-01-27 04:00:00,200.0,317.99997,21.0,15.093749,49.0,46.499996,3.0,0.96874994,38.1,32.624996,41.0,36.624996
2022-01-27 05:00:00,200.0,337.99997,43.0,16.499998,25.0,45.124996,3.0,1.6249999,34.9,33.999996,37.7,38.249996
2022-01-27 06:00:00,200.0,440.99997,41.0,18.187498,29.0,42.249996,2.0,3.3984373,32.7,45.249996,36.9,51.124996
2022-01-27 07:00:00,300.0,567.99994,32.0,19.062498,36.0,40.874996,2.0,5.1406245,29.8,56.374996,33.8,64.49999
2022-01-27 08:00:00,500.0,641.99994,43.0,14.937499,32.0,45.874996,3.0,4.5312495,28.2,60.624996,33.3,70.49999
2022-01-27 09:00:00,500.0,675.99994,27.0,11.656249,55.0,53.749996,3.0,3.9374998,29.4,59.999996,40.6,70.49999
2022-01-27 10:00:00,500.0,641.99994,19.0,3.5624998,64.0,85.24999,4.0,3.6718748,30.6,50.999996,44.1,59.999996
2022-01-27 11:00:00,400.0,567.99994,14.0,3.2187498,73.0,89.49999,5.0,3.3437498,30.4,41.874996,45.1,49.249996
2022-01-27 12:00:00,400.0,494.99997,10.0,3.4765623,80.0,91.74999,7.0,3.0468748,29.5,34.749996,36.8,40.874996
2022-01-27 13:00:00,400.0,280.99997,12.0,3.6015623,81.0,92.99999,6.0,1.0742186,29.9,28.874998,38.7,33.874996
2022-01-27 14:00:00,400.0,257.99997,12.0,4.2031245,83.0,92.99999,5.0,0.9101562,28.1,26.874998,39.0,31.374998
2022-01-27 15:00:00,300.0,250.49998,18.0,5.3593745,75.0,92.99999,5.0,0.8496093,26.6,26.187498,38.2,30.687498
2022-01-27 16:00:00,300.0,453.99997,36.0,15.437499,53.0,72.99999,5.0,3.8749998,27.8,26.812498,38.1,30.999998
2022-01-27 17:00:00,400.0,781.99994,51.0,24.374998,34.0,50.874996,5.0,7.2812495,28.8,29.062498,40.2,33.249996
2022-01-27 18:00:00,500.0,1111.9999,68.0,26.437498,16.0,39.374996,5.0,9.781249,26.9,33.624996,33.0,38.249996
2022-01-27 19:00:00,600.0,1295.9999,72.0,27.124998,10.0,35.124996,7.0,10.874999,29.8,37.624996,33.6,43.249996
2022-01-27 20:00:00,900.0,1255.9999,76.0,26.062498,12.0,35.124996,12.0,9.187499,29.7,37.374996,33.2,43.624996
2022-01-27 21:00:00,1000.0,1083.9999,68.0,23.999998,10.0,37.249996,11.0,6.7499995,25.3,35.874996,28.4,42.124996
2022-01-27 22:00:00,500.0,541.99994,62.0,22.312498,10.0,38.624996,7.0,3.0156248,21.7,31.624998,23.9,37.749996
2022-01-27 23:00:00,400.0,377.99997,60.0,21.249998,8.0,39.749996,6.0,1.5664061,18.9,23.874998,21.1,29.124998
2022-01-28 00:00:00,300.0,310.99997,57.0,20.062498,8.0,40.499996,6.0,0.98437494,19.3,20.312498,21.6,24.687498
2022-01-28 01:00:00,300.0,297.99997,42.0,25.749998,12.0,31.499998,5.0,0.9257812,19.0,29.687498,20.7,33.624996
2022-01-28 02:00:00,300.0,290.99997,37.0,23.999998,15.0,33.374996,5.0,0.95507807,20.5,47.874996,22.6,52.249996
2022-01-28 03:00:00,200.0,287.99997,51.0,24.374998,3.0,33.374996,4.0,1.1054686,21.5,63.749996,24.0,68.49999
2022-01-28 04:00:00,200.0,287.99997,50.0,25.749998,2.0,30.812498,4.0,1.1328124,21.2,76.49999,23.8,81.49999
2022-01-28 05:00:00,300.0,300.99997,54.0,28.124998,1.0,26.499998,3.0,1.3593749,22.6,98.49999,24.8,104.74999
2022-01-28 06:00:00,200.0,373.99997,58.0,31.874998,1.0,19.874998,3.0,2.5390623,23.0,186.49998,25.4,197.49998
2022-01-28 07:00:00,300.0,447.99997,62.0,33.624996,5.0,16.687498,4.0,3.6093748,25.2,313.99997,28.8,331.99997
2022-01-28 08:00:00,400.0,487.99997,65.0,29.187498,14.0,23.624998,4.0,3.7265623,32.2,396.99997,36.2,420.99997
2022-01-28 09:00:00,600.0,507.99997,79.0,27.437498,34.0,31.124998,5.0,3.4296873,26.6,411.99997,34.4,438.99997
2022-01-28 10:00:00,500.0,453.99997,60.0,14.937499,52.0,75.24999,3.0,2.9218748,20.6,337.99997,27.7,363.99997
2022-01-28 11:00:00,400.0,403.99997,17.0,9.437499,69.0,84.49999,4.0,2.5703123,19.3,260.99997,27.2,287.99997
2022-01-28 12:00:00,500.0,367.99997,13.0,7.3749995,75.0,89.49999,5.0,2.2968748,18.9,191.49998,24.6,217.99998
2022-01-28 13:00:00,500.0,297.99997,16.0,5.3593745,75.0,94.49999,5.0,1.5351561,20.1,99.49999,26.1,119.74999
2022-01-28 14:00:00,400.0,277.99997,15.0,4.9843745,77.0,95.99999,4.0,1.3124999,16.9,61.624996,22.4,79.49999
2022-01-28 15:00:00,400.0,267.99997,21.0,5.4843745,72.0,95.99999,4.0,1.1796874,17.3,44.874996,23.2,60.999996
2022-01-28 16:00:00,300.0,487.99997,47.0,6.2656245,40.0,92.99999,3.0,4.7187495,15.2,48.749996,19.9,63.874996
2022-01-28 17:00:00,400.0,821.99994,79.0,6.1718745,7.0,91.74999,4.0,9.187499,18.3,64.99999,24.9,81.49999
2022-01-28 18:00:00,400.0,1175.9999,81.0,5.8281245,6.0,90.99999,5.0,13.718749,22.8,76.24999,28.2,93.74999
2022-01-28 19:00:00,600.0,1403.9999,81.0,11.656249,15.0,76.74999,6.0,15.749999,27.7,81.49999,33.0,97.99999
2022-01-28 20:00:00,700.0,1363.9999,72.0,18.374998,14.0,58.749996,7.0,11.937499,25.8,75.24999,30.5,89.49999
2022-01-28 21:00:00,1200.0,1151.9999,66.0,22.999998,17.0,44.374996,13.0,8.249999,16.1,62.874996,19.1,75.49999
2022-01-28 22:00:00,900.0,453.99997,59.0,26.062498,13.0,33.999996,10.0,2.5390623,14.9,44.624996,16.7,54.749996
2022-01-28 23:00:00,600.0,330.99997,53.0,27.437498,8.0,28.624998,6.0,1.3437499,12.1,28.437498,13.6,35.499996
2022-01-29 00:00:00,500.0,280.99997,47.0,27.812498,6.0,27.562498,6.0,0.7382812,12.3,19.187498,14.1,23.687498
2022-01-29 01:00:00,300.0,277.99997,44.0,30.187498,2.0,24.374998,5.0,0.6855468,10.4,11.937499,11.7,14.656249
2022-01-29 02:00:00,500.0,287.99997,41.0,27.812498,1.0,26.124998,5.0,0.82031244,10.2,10.468749,11.5,12.718749
2022-01-29 03:00:00,400.0,300.99997,28.0,27.124998,8.0,27.562498,5.0,1.0898436,9.7,8.999999,10.8,11.062499
2022-01-29 04:00:00,300.0,310.99997,22.0,24.374998,25.0,32.999996,4.0,1.2539061,7.7,7.8124995,8.4,9.656249
2022-01-29 05:00:00,300.0,333.99997,32.0,21.249998,25.0,38.624996,3.0,1.5820311,7.4,7.8437495,7.8,9.531249
2022-01-29 06:00:00,300.0,420.99997,43.0,18.874998,19.0,44.374996,3.0,3.0156248,7.6,11.312499,8.4,13.406249
2022-01-29 07:00:00,300.0,521.99994,54.0,12.343749,12.0,60.874996,3.0,4.4218745,7.7,12.812499,8.4,15.468749
2022-01-29 08:00:00,600.0,595.99994,62.0,9.281249,7.0,62.999996,3.0,5.1874995,5.5,13.374999,6.5,16.374998
2022-01-29 09:00:00,600.0,647.99994,37.0,6.6874995,29.0,67.24999,4.0,5.0156245,3.5,12.843749,5.0,15.906249
2022-01-29 10:00:00,500.0,561.99994,26.0,3.9843748,41.0,72.99999,3.0,3.4921873,3.3,10.374999,6.2,13.593749
2022-01-29 11:00:00,400.0,487.99997,21.0,3.9062498,47.0,73.74999,4.0,3.1015623,3.3,8.156249,6.5,11.593749
2022-01-29 12:00:00,500.0,433.99997,18.0,4.0312495,52.0,74.49999,5.0,2.8984373,3.0,6.7968745,5.6,10.249999
2022-01-29 13:00:00,400.0,273.99997,16.0,4.5468745,55.0,73.74999,4.0,1.1484374,3.2,5.7343745,4.2,8.749999
2022-01-29 14:00:00,400.0,253.99998,17.0,5.1562495,54.0,71.74999,5.0,0.95507807,3.3,5.3281245,5.0,8.031249
2022-01-29 15:00:00,400.0,247.49998,14.0,5.5781245,57.0,69.49999,3.0,0.8867187,3.2,5.1562495,4.8,7.6093745
2022-01-29 16:00:00,500.0,413.99997,16.0,5.9999995,55.0,68.74999,4.0,3.7031248,3.0,5.3906245,4.9,7.9062495
2022-01-29 17:00:00,300.0,667.99994,15.0,6.6093745,56.0,68.74999,4.0,7.0937495,3.5,6.5781245,5.7,9.406249
2022-01-29 18:00:00,500.0,881.99994,18.0,6.6874995,54.0,69.49999,5.0,9.187499,4.0,8.999999,5.6,12.437499
2022-01-29 19:00:00,1000.0,989.99994,19.0,5.6562495,54.0,71.74999,9.0,9.562499,4.0,10.968749,5.9,14.781249
2022-01-29 20:00:00,1300.0,975.99994,17.0,5.4062495,59.0,68.74999,15.0,8.124999,4.2,11.062499,6.0,14.906249
2022-01-29 21:00:00,1300.0,935.99994,15.0,4.9843745,56.0,68.74999,13.0,6.4374995,5.0,11.124999,6.3,14.874999
2022-01-29 22:00:00,1200.0,741.99994,12.0,4.5468745,56.0,70.24999,,4.1874995,5.2,10.062499,6.0,13.718749
2022-01-29 23:00:00,1000.0,555.99994,9.0,4.1249995,59.0,71.74999,,2.3281248,5.1,7.1249995,6.0,10.187499
2022-01-30 00:00:00,600.0,433.99997,7.0,3.5156248,63.0,72.99999,7.0,1.4765624,4.5,6.2968745,5.5,9.218749
2022-01-30 01:00:00,400.0,400.99997,6.0,4.8906245,65.0,72.24999,5.0,1.2968749,4.0,6.7343745,5.6,9.343749
2022-01-30 02:00:00,400.0,380.99997,6.0,4.7187495,67.0,73.74999,,1.4765624,4.4,7.6874995,6.1,10.437499
2022-01-30 03:00:00,400.0,367.99997,6.0,4.6718745,67.0,72.99999,5.0,1.6718749,6.2,8.562499,8.6,11.468749
2022-01-30 04:00:00,400.0,367.99997,9.0,4.5468745,63.0,71.74999,4.0,1.7734374,8.7,10.093749,12.6,13.687499
2022-01-30 05:00:00,300.0,390.99997,10.0,4.4687495,63.0,70.24999,3.0,2.1796873,8.0,14.968749,13.9,19.562498
2022-01-30 06:00:00,400.0,515.99994,17.0,4.4687495,53.0,67.24999,3.0,4.0624995,7.7,33.624996,13.9,40.374996
2022-01-30 07:00:00,400.0,655.99994,12.0,4.5937495,55.0,65.99999,3.0,5.8437495,7.7,58.624996,13.6,67.99999
2022-01-30 08:00:00,400.0,755.99994,8.0,3.9062498,59.0,66.74999,3.0,6.2656245,8.2,74.49999,14.3,85.74999
2022-01-30 09:00:00,400.0,841.99994,9.0,2.9999998,62.0,67.99999,4.0,5.8437495,8.9,79.74999,15.9,92.24999
2022-01-30 10:00:00,500.0,827.99994,9.0,2.3593748,66.0,71.74999,4.0,5.6093745,8.9,69.24999,15.2,81.99999
2022-01-30 11:00:00,400.0,775.99994,7.0,2.2109373,67.0,74.49999,5.0,5.4374995,9.4,59.124996,17.0,71.74999
2022-01-30 12:00:00,600.0,707.99994,5.0,2.2734373,74.0,77.24999,8.0,5.3124995,10.2,51.374996,18.2,63.874996
2022-01-30 13:00:00,500.0,453.99997,7.0,2.4921873,74.0,76.74999,7.0,3.0156248,11.8,27.937498,18.7,37.999996
2022-01-30 14:00:00,400.0,410.99997,10.0,2.9999998,70.0,74.49999,6.0,2.8671873,12.5,18.687498,23.0,27.062498
2022-01-30 15:00:00,300.0,403.99997,13.0,3.7343748,68.0,72.24999,4.0,2.9843748,11.8,16.499998,24.0,24.374998
2022-01-30 16:00:00,300.0,587.99994,17.0,11.312499,61.0,52.999996,4.0,6.2031245,11.0,80.49999,25.3,93.49999
2022-01-30 17:00:00,400.0,961.99994,32.0,15.781249,41.0,34.374996,5.0,12.656249,10.8,201.49998,22.2,222.99998
2022-01-30 18:00:00,900.0,1443.9999,63.0,15.781249,13.0,25.437498,5.0,20.999998,11.3,317.99997,21.9,348.99997
2022-01-30 19:00:00,1100.0,1923.9999,72.0,16.812498,9.0,19.312498,6.0,29.624998,12.2,417.99997,20.8,458.99997
2022-01-30 20:00:00,1200.0,2303.9998,71.0,17.312498,13.0,15.218749,12.0,36.249996,12.7,438.99997,19.4,483.99997
2022-01-30 21:00:00,1100.0,2431.9998,65.0,17.312498,12.0,13.437499,12.0,37.749996,11.9,351.99997,18.5,392.99997
2022-01-30 22:00:00,1000.0,2303.9998,58.0,17.312498,9.0,12.531249,12.0,35.374996,13.4,74.24999,20.1,90.99999
2022-01-30 23:00:00,800.0,1951.9999,49.0,18.187498,9.0,11.468749,8.0,30.312498,12.1,24.124998,17.7,34.749996
2022-01-31 00:00:00,700.0,1511.9999,47.0,19.374998,3.0,10.312499,7.0,22.437498,12.8,12.343749,21.9,18.999998
2022-01-31 01:00:00,500.0,695.99994,48.0,15.093749,3.0,20.249998,6.0,5.7343745,10.6,6.9999995,15.1,13.624999
2022-01-31 02:00:00,700.0,567.99994,47.0,13.374999,2.0,26.124998,7.0,3.9999998,8.5,6.0312495,13.3,12.499999
2022-01-31 03:00:00,500.0,507.99997,46.0,12.531249,1.0,33.374996,6.0,3.7031248,7.8,5.3124995,13.3,11.499999
2022-01-31 04:00:00,400.0,480.99997,45.0,8.406249,1.0,65.99999,5.0,3.6093748,5.9,5.0156245,10.4,9.562499
2022-01-31 05:00:00,400.0,500.99997,52.0,7.9687495,1.0,70.24999,3.0,3.8203123,3.3,5.8749995,4.7,8.343749
2022-01-31 06:00:00,500.0,661.99994,57.0,7.9687495,1.0,70.99999,4.0,6.2031245,3.8,9.718749,6.9,11.906249
2022-01-31 07:00:00,500.0,855.99994,68.0,8.249999,3.0,72.24999,4.0,8.718749,5.0,12.124999,9.5,14.843749
2022-01-31 08:00:00,700.0,1083.9999,79.0,7.2031245,6.0,74.49999,6.0,10.499999,5.9,11.156249,14.2,14.062499
2022-01-31 09:00:00,600.0,1415.9999,50.0,5.7499995,33.0,77.99999,5.0,12.999999,6.7,9.343749,17.3,12.156249
2022-01-31 10:00:00,700.0,1763.9999,32.0,3.4765623,55.0,85.99999,8.0,15.749999,7.8,6.8906245,22.2,9.031249
2022-01-31 11:00:00,700.0,1951.9999,29.0,3.5624998,64.0,90.24999,8.0,15.031249,7.2,4.9062495,19.2,6.3906245
2022-01-31 12:00:00,600.0,1979.9999,24.0,4.3749995,79.0,92.99999,7.0,14.562499,6.7,3.4140623,14.3,4.4218745
2022-01-31 13:00:00,400.0,655.99994,25.0,5.4843745,75.0,94.49999,8.0,4.0624995,5.8,3.0390623,12.2,3.9687498
2022-01-31 14:00:00,400.0,521.99994,31.0,7.0312495,69.0,94.49999,8.0,3.1328123,5.6,3.4921873,15.0,4.5156245
2022-01-31 15:00:00,400.0,460.99997,33.0,7.8906245,65.0,94.49999,8.0,2.7421873,5.9,4.0937495,16.2,5.2343745
2022-01-31 16:00:00,500.0,390.99997,40.0,7.8906245,57.0,94.49999,7.0,2.2656248,6.1,5.5156245,17.4,6.8906245
2022-01-31 17:00:00,500.0,313.99997,72.0,6.6093745,23.0,94.49999,6.0,1.6874999,5.9,8.562499,14.7,10.437499
2022-01-31 18:00:00,600.0,293.99997,87.0,4.7187495,6.0,95.99999,5.0,1.4335936,6.1,13.687499,14.5,16.249998
2022-01-31 19:00:00,400.0,287.99997,84.0,4.4687495,5.0,95.99999,6.0,1.2382811,6.7,18.812498,14.2,21.999998
2022-01-31 20:00:00,400.0,277.99997,81.0,4.6406245,8.0,94.49999,6.0,1.0156249,7.5,20.562498,15.5,23.999998
2022-01-31 21:00:00,400.0,270.99997,85.0,4.4999995,6.0,90.99999,7.0,0.8574218,9.4,21.937498,16.4,25.499998
2022-01-31 22:00:00,300.0,263.99997,69.0,5.1093745,12.0,87.99999,6.0,0.67968744,9.9,22.937498,16.7,26.687498
2022-01-31 23:00:00,200.0,250.49998,27.0,6.6093745,52.0,85.99999,6.0,0.45898435,10.9,16.999998,18.4,20.312498
2022-02-01 00:00:00,200.0,247.49998,21.0,8.312499,59.0,85.24999,6.0,0.41406247,9.5,12.624999,16.4,15.562499
2022-02-01 01:00:00,200.0,247.49998,17.0,5.4843745,52.0,92.99999,5.0,0.60351557,9.9,29.374998,16.4,33.749996
2022-02-01 02:00:00,200.0,247.49998,23.0,5.2343745,45.0,94.49999,5.0,0.5527343,10.3,25.874998,16.6,30.124998
2022-02-01 03:00:00,200.0,247.49998,27.0,4.7656245,35.0,94.49999,5.0,0.45117185,10.2,22.937498,16.0,27.187498
2022-02-01 04:00:00,200.0,243.99998,21.0,6.0937495,64.0,87.99999,5.0,0.40624997,9.2,20.562498,15.1,24.749998
2022-02-01 05:00:00,200.0,243.99998,32.0,8.062499,48.0,77.99999,4.0,0.4550781,8.6,19.812498,14.3,24.187498
2022-02-01 06:00:00,200.0,257.99997,66.0,9.687499,12.0,72.99999,4.0,0.7167968,8.0,29.124998,14.0,34.874996
2022-02-01 07:00:00,300.0,267.99997,76.0,10.218749,1.0,74.49999,4.0,0.8652343,7.5,32.999996,12.4,39.624996
2022-02-01 08:00:00,400.0,270.99997,81.0,8.499999,3.0,80.99999,4.0,0.9023437,7.7,30.749998,12.9,37.749996
2022-02-01 09:00:00,400.0,273.99997,52.0,6.6874995,34.0,86.74999,5.0,0.9023437,8.1,24.062498,15.6,30.312498
2022-02-01 10:00:00,300.0,270.99997,22.0,2.1249998,62.0,97.49999,4.0,0.79882807,8.5,14.656249,15.0,19.812498
2022-02-01 11:00:00,300.0,273.99997,23.0,1.9531249,68.0,98.74999,6.0,0.76757807,7.8,12.156249,13.3,17.187498
2022-02-01 12:00:00,300.0,277.99997,26.0,2.0156248,70.0,98.74999,6.0,0.79882807,5.4,10.499999,8.7,15.781249
2022-02-01 13:00:00,300.0,290.99997,22.0,2.0156248,77.0,98.74999,5.0,0.9179687,5.3,8.999999,9.2,14.249999
2022-02-01 14:00:00,300.0,270.99997,23.0,2.1484373,77.0,97.49999,5.0,0.76757807,5.2,8.531249,10.0,13.812499
2022-02-01 15:00:00,300.0,250.49998,29.0,2.4453123,72.0,95.99999,5.0,0.5449218,4.8,8.312499,9.3,13.749999
2022-02-01 16:00:00,300.0,257.99997,25.0,2.7890623,68.0,95.99999,5.0,0.64843744,4.0,8.437499,8.1,13.937499
2022-02-01 17:00:00,300.0,277.99997,25.0,2.8281248,65.0,97.49999,6.0,0.8574218,3.9,9.499999,7.3,14.843749
2022-02-01 18:00:00,300.0,293.99997,20.0,2.8281248,67.0,97.49999,6.0,1.0742186,6.6,11.874999,10.6,17.624998
2022-02-01 19:00:00,300.0,303.99997,18.0,2.9999998,71.0,95.99999,7.0,1.1328124,9.7,13.812499,15.7,20.124998
2022-02-01 20:00:00,300.0,300.99997,31.0,3.1718748,54.0,95.99999,6.0,1.0312499,11.0,13.874999,17.1,20.187498
2022-02-01 21:00:00,300.0,297.99997,20.0,3.3046873,64.0,94.49999,7.0,0.93164057,11.3,13.718749,16.8,19.562498
2022-02-01 22:00:00,300.0,283.99997,26.0,3.2187498,53.0,92.99999,7.0,0.7167968,10.4,11.124999,14.4,16.187498
2022-02-01 23:00:00,200.0,263.99997,16.0,3.0859373,67.0,92.99999,6.0,0.40624997,9.4,6.3437495,13.5,10.343749
2022-02-02 00:00:00,200.0,257.99997,17.0,2.9140623,61.0,94.49999,6.0,0.28710935,8.8,4.8906245,12.5,8.343749
2022-02-02 01:00:00,200.0,253.99998,15.0,3.8203123,57.0,95.99999,6.0,0.32812497,7.9,6.0468745,11.5,9.374999
2022-02-02 02:00:00,200.0,260.99997,10.0,3.9062498,63.0,94.49999,6.0,0.3769531,7.3,6.0156245,11.2,9.437499
2022-02-02 03:00:00,200.0,270.99997,14.0,3.9453123,54.0,92.99999,6.0,0.40624997,8.1,6.1249995,11.3,9.624999
2022-02-02 04:00:00,300.0,307.99997,24.0,4.1249995,45.0,91.74999,5.0,0.5898437,8.8,6.1406245,12.1,9.749999
2022-02-02 05:00:00,200.0,383.99997,52.0,4.2031245,25.0,90.24999,5.0,0.96874994,7.1,6.9843745,10.0,10.749999
2022-02-02 06:00:00,300.0,607.99994,66.0,4.3281245,18.0,88.74999,4.0,2.5703123,8.0,12.312499,11.1,16.812498
2022-02-02 07:00:00,600.0,907.99994,42.0,4.2499995,43.0,87.99999,6.0,4.3593745,8.5,16.499998,12.3,21.562498
2022-02-02 08:00:00,800.0,1111.9999,61.0,3.9062498,26.0,85.99999,9.0,5.0156245,5.8,17.249998,10.7,22.499998
2022-02-02 09:00:00,800.0,1243.9999,,3.5624998,,82.99999,9.0,5.1406245,5.7,16.437498,11.7,21.562498
2022-02-02 10:00:00,800.0,1043.9999,,3.3046873,,80.99999,10.0,3.9999998,5.7,13.687499,13.6,18.312498
2022-02-02 11:00:00,800.0,947.99994,,3.8203123,,82.49999,11.0,3.9999998,5.1,10.437499,11.9,14.187499
2022-02-02 12:00:00,800.0,907.99994,20.0,4.7656245,80.0,82.99999,13.0,4.2968745,4.8,8.124999,9.1,10.999999
2022-02-02 13:00:00,600.0,507.99997,26.0,6.3437495,69.0,81.74999,11.0,2.1484373,4.1,7.3437495,7.9,9.749999
2022-02-02 14:00:00,500.0,494.99997,34.0,8.999999,65.0,77.24999,7.0,2.2421873,4.3,8.749999,9.6,11.406249
2022-02-02 15:00:00,400.0,494.99997,34.0,10.374999,53.0,70.24999,6.0,2.3906248,2.9,10.156249,7.9,13.156249
2022-02-02 16:00:00,400.0,741.99994,38.0,7.6406245,35.0,68.74999,5.0,5.3124995,3.0,14.156249,9.2,18.062498
2022-02-02 17:00:00,300.0,1163.9999,26.0,5.2812495,48.0,71.74999,5.0,8.593749,3.2,20.124998,8.2,25.374998
2022-02-02 18:00:00,800.0,1511.9999,21.0,4.5937495,51.0,72.99999,6.0,9.781249,3.8,27.749998,7.3,34.624996
2022-02-02 19:00:00,600.0,1735.9999,17.0,4.2031245,58.0,75.24999,7.0,10.031249,4.4,42.374996,9.2,51.749996
2022-02-02 20:00:00,800.0,1979.9999,11.0,3.8593748,67.0,80.24999,8.0,9.656249,6.4,55.374996,9.4,67.49999
2022-02-02 21:00:00,1300.0,2223.9998,9.0,3.8203123,70.0,81.74999,12.0,9.062499,7.0,59.124996,10.7,72.49999
2022-02-02 22:00:00,1500.0,2247.9998,7.0,3.8203123,73.0,80.24999,13.0,7.7499995,5.8,49.749996,9.2,62.624996
2022-02-02 23:00:00,1000.0,2087.9998,7.0,3.6484373,74.0,81.74999,11.0,6.2656245,5.5,28.687498,8.9,38.749996
2022-02-03 00:00:00,800.0,1895.9999,5.0,3.2578123,78.0,85.24999,9.0,6.0312495,5.6,16.937498,7.8,24.499998
2022-02-03 01:00:00,600.0,1391.9999,4.0,3.4296873,79.0,82.49999,9.0,3.1328123,5.8,13.531249,7.7,20.124998
2022-02-03 02:00:00,700.0,1043.9999,3.0,3.4296873,82.0,84.49999,11.0,3.4296873,5.9,13.156249,8.2,19.312498
2022-02-03 03:00:00,400.0,841.99994,3.0,3.6015623,83.0,80.99999,7.0,4.1874995,5.6,13.999999,7.8,20.374998
2022-02-03 04:00:00,400.0,701.99994,4.0,3.6874998,82.0,76.74999,7.0,4.5312495,5.4,15.624999,7.1,22.312498
2022-02-03 05:00:00,400.0,681.99994,8.0,3.6874998,78.0,72.99999,6.0,5.1874995,5.8,19.937498,8.2,27.249998
2022-02-03 06:00:00,400.0,841.99994,18.0,3.8203123,72.0,70.99999,5.0,8.124999,5.8,37.624996,8.5,47.374996
2022-02-03 07:00:00,600.0,1071.9999,23.0,4.1249995,72.0,68.74999,6.0,10.749999,7.4,55.874996,10.3,68.49999
2022-02-03 08:00:00,700.0,1255.9999,19.0,4.0312495,76.0,66.74999,9.0,11.468749,8.9,59.624996,13.7,73.74999
2022-02-03 09:00:00,800.0,1431.9999,13.0,3.7343748,75.0,64.49999,9.0,11.093749,11.3,50.249996,24.0,64.24999
2022-02-03 10:00:00,800.0,1455.9999,8.0,3.5624998,78.0,63.749996,10.0,8.968749,11.1,30.437498,19.2,40.749996
2022-02-03 11:00:00,700.0,1323.9999,8.0,3.4296873,77.0,63.749996,11.0,7.0937495,12.1,26.437498,19.4,35.249996
2022-02-03 12:00:00,500.0,1163.9999,10.0,3.2578123,78.0,65.24999,10.0,6.1406245,13.7,23.374998,20.1,31.249998
2022-02-03 13:00:00,400.0,555.99994,8.0,3.1328123,82.0,66.74999,8.0,2.6249998,14.6,13.749999,19.9,18.499998
2022-02-03 14:00:00,400.0,473.99997,10.0,3.3437498,77.0,67.99999,9.0,2.1171873,13.4,11.062499,18.5,14.874999
2022-02-03 15:00:00,400.0,423.99997,11.0,3.6484373,76.0,68.74999,8.0,1.5976561,14.5,11.062499,19.9,14.937499
2022-02-03 16:00:00,400.0,410.99997,12.0,3.9062498,78.0,68.74999,7.0,1.5507811,12.0,13.999999,16.7,18.562498
2022-02-03 17:00:00,300.0,480.99997,16.0,3.9453123,75.0,69.49999,7.0,2.1796873,10.9,18.062498,15.8,23.874998
2022-02-03 18:00:00,300.0,535.99994,34.0,3.9062498,50.0,70.24999,7.0,2.8671873,10.9,22.874998,16.4,29.749998
2022-02-03 19:00:00,300.0,547.99994,25.0,3.8203123,60.0,70.99999,7.0,3.3749998,10.5,26.749998,14.4,34.249996
2022-02-03 20:00:00,400.0,541.99994,19.0,3.5156248,68.0,72.24999,6.0,3.4609373,14.2,24.937498,16.4,32.374996
2022-02-03 21:00:00,300.0,521.99994,14.0,3.3046873,74.0,72.99999,6.0,3.2187498,14.3,21.999998,16.8,28.687498
2022-02-03 22:00:00,300.0,494.99997,10.0,3.2578123,76.0,72.24999,6.0,2.7421873,12.7,16.937498,14.8,21.874998
2022-02-03 23:00:00,300.0,440.99997,15.0,3.5624998,62.0,70.99999,6.0,1.8359374,10.0,10.718749,11.2,13.937499
2022-02-04 00:00:00,300.0,400.99997,10.0,3.9453123,69.0,67.99999,6.0,1.2851561,9.1,8.531249,9.9,10.781249
2022-02-04 01:00:00,300.0,433.99997,9.0,3.7734373,72.0,67.24999,6.0,1.2695311,8.4,10.218749,9.7,12.718749
2022-02-04 02:00:00,300.0,467.99997,4.0,3.9453123,80.0,66.74999,6.0,1.4023436,8.3,9.999999,9.2,12.343749
2022-02-04 03:00:00,300.0,541.99994,6.0,4.2499995,73.0,65.99999,6.0,1.7304686,8.5,10.156249,9.0,12.499999
2022-02-04 04:00:00,300.0,675.99994,11.0,4.6406245,63.0,65.99999,7.0,2.2968748,6.2,10.281249,6.5,12.781249
2022-02-04 05:00:00,300.0,821.99994,14.0,4.9843745,59.0,66.74999,6.0,2.8046873,8.4,10.937499,8.9,13.968749
2022-02-04 06:00:00,400.0,1083.9999,23.0,5.3593745,54.0,65.99999,6.0,4.4843745,10.6,15.687499,11.2,19.812498
2022-02-04 07:00:00,400.0,1391.9999,32.0,5.9999995,49.0,65.24999,6.0,5.7968745,11.2,18.937498,12.4,23.999998
2022-02-04 08:00:00,600.0,1643.9999,21.0,6.0937495,59.0,65.24999,9.0,6.4374995,12.4,17.999998,18.4,22.874998
2022-02-04 09:00:00,700.0,1815.9999,13.0,5.7499995,69.0,65.99999,10.0,6.7968745,10.2,14.843749,15.7,19.062498
2022-02-04 10:00:00,700.0,1511.9999,9.0,3.9062498,76.0,69.49999,10.0,5.1406245,9.7,10.124999,16.4,13.374999
2022-02-04 11:00:00,700.0,1283.9999,8.0,3.7343748,80.0,73.74999,11.0,4.2968745,7.6,7.7812495,12.7,10.531249
2022-02-04 12:00:00,600.0,1151.9999,8.0,3.8593748,84.0,77.99999,10.0,4.0624995,6.3,6.5468745,9.5,8.843749
2022-02-04 13:00:00,500.0,661.99994,12.0,3.9453123,90.0,82.49999,9.0,2.2656248,6.2,5.9374995,11.9,7.8124995
2022-02-04 14:00:00,600.0,541.99994,11.0,4.5937495,84.0,85.24999,9.0,1.9101561,5.4,6.2343745,14.3,7.8124995
2022-02-04 15:00:00,500.0,460.99997,22.0,6.0937495,79.0,85.99999,9.0,1.7734374,3.6,6.0312495,11.7,7.3593745
2022-02-04 16:00:00,400.0,417.99997,54.0,10.124999,36.0,81.74999,7.0,1.9687499,2.4,8.124999,6.3,9.843749
2022-02-04 17:00:00,400.0,413.99997,78.0,13.718749,7.0,75.24999,7.0,2.3906248,2.7,13.124999,5.5,15.718749
2022-02-04 18:00:00,400.0,423.99997,77.0,13.374999,6.0,73.74999,7.0,2.8046873,3.3,21.312498,5.7,25.124998
2022-02-04 19:00:00,400.0,467.99997,72.0,17.687498,7.0,63.749996,6.0,3.3437498,4.7,32.749996,7.8,37.999996
2022-02-04 20:00:00,400.0,555.99994,67.0,23.312498,10.0,49.374996,6.0,3.9374998,7.8,37.124996,13.2,43.374996
2022-02-04 21:00:00,400.0,715.99994,62.0,27.124998,12.0,38.999996,7.0,4.7812495,9.5,35.874996,15.1,42.374996
2022-02-04 22:00:00,400.0,795.99994,55.0,27.124998,12.0,33.624996,6.0,4.5937495,9.4,27.374998,15.5,33.249996
2022-02-04 23:00:00,400.0,687.99994,50.0,27.124998,11.0,29.374998,6.0,3.1015623,8.3,14.874999,14.2,18.999998
2022-02-05 00:00:00,500.0,467.99997,47.0,29.499998,6.0,23.624998,7.0,1.3593749,7.4,8.687499,13.1,11.343749
2022-02-05 01:00:00,500.0,647.99994,40.0,42.249996,5.0,9.593749,7.0,0.99999994,7.2,6.3906245,12.7,8.593749
2022-02-05 02:00:00,400.0,420.99997,40.0,42.499996,2.0,8.874999,6.0,0.61132807,7.1,6.6562495,13.6,9.031249
2022-02-05 03:00:00,200.0,313.99997,38.0,42.499996,1.0,11.624999,6.0,0.4365234,6.5,7.1249995,12.1,9.749999
2022-02-05 04:00:00,200.0,253.99998,44.0,42.874996,1.0,17.749998,6.0,0.2832031,6.3,8.062499,12.3,10.937499
2022-02-05 05:00:00,200.0,257.99997,46.0,48.749996,1.0,8.968749,5.0,0.3505859,6.1,10.531249,11.8,13.781249
2022-02-05 06:00:00,200.0,277.99997,46.0,49.374996,1.0,3.5390623,5.0,0.5820312,5.7,21.812498,10.7,26.374998
2022-02-05 07:00:00,300.0,287.99997,52.0,40.124996,3.0,10.312499,5.0,0.7167968,5.5,34.249996,9.6,40.499996
2022-02-05 08:00:00,300.0,290.99997,64.0,31.562498,9.0,17.374998,5.0,0.76757807,6.2,38.249996,12.3,45.374996
2022-02-05 09:00:00,300.0,283.99997,66.0,26.749998,26.0,21.999998,4.0,0.7617187,6.2,36.624996,11.8,43.749996
2022-02-05 10:00:00,300.0,270.99997,53.0,11.156249,44.0,74.49999,5.0,0.64843744,6.9,28.999998,13.6,35.499996
2022-02-05 11:00:00,300.0,250.49998,40.0,8.312499,55.0,84.49999,6.0,0.49999997,6.7,21.499998,14.0,27.062498
2022-02-05 12:00:00,300.0,236.99998,39.0,8.249999,60.0,89.49999,7.0,0.3583984,6.4,15.249999,15.6,19.874998
2022-02-05 13:00:00,300.0,223.99998,30.0,8.312499,72.0,92.99999,5.0,0.25390622,6.6,6.7499995,14.7,9.343749
2022-02-05 14:00:00,300.0,223.99998,31.0,9.874999,73.0,92.99999,5.0,0.2646484,5.5,6.2031245,12.5,8.531249
2022-02-05 15:00:00,400.0,223.99998,33.0,12.687499,71.0,91.74999,6.0,0.26855466,5.4,6.8281245,14.8,9.249999
2022-02-05 16:00:00,300.0,233.99998,34.0,25.062498,68.0,69.49999,6.0,0.39160153,5.5,9.499999,14.4,12.374999
2022-02-05 17:00:00,300.0,247.49998,59.0,39.499996,32.0,45.874996,6.0,0.51562494,7.1,12.749999,16.2,16.499998
2022-02-05 18:00:00,300.0,260.99997,83.0,54.249996,7.0,29.374998,6.0,0.66406244,9.0,16.437498,16.7,21.312498
2022-02-05 19:00:00,400.0,270.99997,81.0,74.74999,15.0,13.062499,7.0,0.7617187,10.3,18.437498,17.4,24.062498
2022-02-05 20:00:00,400.0,270.99997,67.0,95.99999,12.0,3.9843748,7.0,0.7617187,12.1,15.093749,18.9,20.312498
2022-02-05 21:00:00,400.0,270.99997,59.0,111.24999,14.0,1.6796874,7.0,0.7539062,12.2,11.374999,19.1,15.781249
2022-02-05 22:00:00,300.0,263.99997,51.0,117.99999,11.0,0.90624994,7.0,0.5976562,10.5,7.1718745,15.8,10.624999
2022-02-05 23:00:00,300.0,243.99998,48.0,115.24999,7.0,0.6152343,6.0,0.32812497,8.9,4.1406245,14.4,6.8593745
2022-02-06 00:00:00,300.0,240.49998,43.0,105.74999,7.0,0.6777343,6.0,0.23291014,8.0,3.4531248,13.7,5.8281245
2022-02-06 01:00:00,200.0,240.49998,39.0,85.74999,6.0,0.82812494,5.0,0.2646484,7.3,3.3593748,11.1,5.7812495
2022-02-06 02:00:00,200.0,243.99998,37.0,70.74999,3.0,1.3984374,5.0,0.2802734,6.4,3.4687498,10.4,5.9374995
2022-02-06 03:00:00,200.0,243.99998,22.0,58.374996,18.0,1.6562499,4.0,0.2910156,5.4,3.7343748,9.2,6.2031245
2022-02-06 04:00:00,200.0,247.49998,14.0,48.749996,38.0,2.5078123,4.0,0.30566403,5.1,3.6484373,9.0,6.0781245
2022-02-06 05:00:00,200.0,253.99998,19.0,40.874996,41.0,2.5312498,4.0,0.37304685,4.9,3.4531248,8.7,6.0312495
2022-02-06 06:00:00,300.0,280.99997,23.0,35.374996,41.0,1.3749999,3.0,0.7011718,4.6,4.7343745,7.2,7.9999995
2022-02-06 07:00:00,200.0,307.99997,23.0,29.187498,46.0,4.8749995,2.0,1.0312499,4.3,5.1718745,6.4,8.624999
2022-02-06 08:00:00,300.0,323.99997,23.0,23.687498,56.0,10.468749,3.0,1.2070311,4.1,5.0156245,6.1,8.281249
2022-02-06 09:00:00,300.0,337.99997,20.0,21.437498,70.0,15.406249,2.0,1.3593749,3.8,4.7187495,6.0,7.9062495
2022-02-06 10:00:00,300.0,333.99997,12.0,10.624999,87.0,83.74999,3.0,1.3437499,3.4,3.9765623,5.4,6.4999995
2022-02-06 11:00:00,400.0,313.99997,10.0,8.312499,96.0,92.99999,4.0,1.2226561,3.0,3.4531248,4.6,5.1249995
2022-02-06 12:00:00,300.0,293.99997,16.0,8.999999,98.0,95.99999,5.0,0.99999994,3.8,3.2499998,5.8,4.4218745
2022-02-06 13:00:00,300.0,243.99998,32.0,9.437499,99.0,95.99999,5.0,0.61914057,3.2,3.1328123,4.6,4.1093745
2022-02-06 14:00:00,300.0,240.49998,30.0,11.499999,101.0,92.99999,5.0,0.5976562,2.7,3.0468748,4.1,3.8515623
2022-02-06 15:00:00,300.0,240.49998,32.0,15.781249,99.0,89.49999,5.0,0.61914057,2.5,2.9531248,3.6,3.6328123
2022-02-06 16:00:00,400.0,300.99997,29.0,21.249998,86.0,83.74999,5.0,1.4921874,2.6,3.1406248,4.5,3.7343748
2022-02-06 17:00:00,400.0,400.99997,58.0,25.374998,39.0,76.74999,6.0,2.8359373,4.1,3.9374998,6.2,4.6562495
2022-02-06 18:00:00,400.0,507.99997,63.0,28.124998,24.0,71.74999,5.0,4.2968745,32.1,5.3281245,35.3,6.2656245
2022-02-06 19:00:00,400.0,701.99994,65.0,42.499996,18.0,48.749996,6.0,6.7499995,5.7,6.4687495,6.7,7.5624995
2022-02-06 20:00:00,600.0,921.99994,75.0,59.749996,11.0,22.937498,7.0,8.593749,3.4,6.3437495,4.3,7.3593745
2022-02-06 21:00:00,800.0,1095.9999,66.0,69.99999,9.0,9.843749,9.0,8.374999,2.3,5.9687495,3.4,6.8124995
2022-02-06 22:00:00,800.0,1043.9999,59.0,76.99999,10.0,3.8515623,8.0,5.7968745,3.0,5.9531245,4.8,6.7499995
2022-02-06 23:00:00,700.0,727.99994,56.0,79.74999,9.0,1.5664061,8.0,2.6874998,3.2,5.3593745,5.6,6.1406245
2022-02-07 00:00:00,600.0,467.99997,50.0,80.99999,5.0,1.1289061,7.0,1.2851561,4.0,4.8281245,7.0,5.9531245
2022-02-07 01:00:00,500.0,310.99997,47.0,80.24999,2.0,3.1796873,7.0,0.79101557,4.1,4.8437495,7.3,6.7031245
2022-02-07 02:00:00,400.0,297.99997,46.0,73.49999,2.0,6.9843745,6.0,0.7089843,4.6,4.6562495,8.8,6.6718745
2022-02-07 03:00:00,500.0,297.99997,41.0,60.374996,1.0,16.999998,5.0,0.64843744,5.1,4.8749995,10.4,6.9999995
2022-02-07 04:00:00,300.0,307.99997,42.0,50.749996,1.0,26.874998,4.0,0.66406244,5.5,6.3906245,11.1,8.781249
2022-02-07 05:00:00,500.0,330.99997,42.0,51.499996,1.0,29.374998,3.0,0.8574218,6.0,10.718749,12.4,13.718749
2022-02-07 06:00:00,700.0,433.99997,53.0,57.624996,1.0,24.374998,3.0,1.7734374,6.6,27.562498,13.0,32.374996
2022-02-07 07:00:00,800.0,547.99994,65.0,61.124996,2.0,20.749998,4.0,2.6874998,7.1,47.999996,14.0,55.249996
2022-02-07 08:00:00,900.0,607.99994,64.0,54.249996,20.0,23.624998,7.0,3.2187498,8.4,55.624996,18.8,64.24999
2022-02-07 09:00:00,1000.0,595.99994,38.0,43.874996,54.0,28.999998,10.0,3.3437498,10.1,52.749996,25.5,61.499996
2022-02-07 10:00:00,800.0,440.99997,41.0,9.343749,82.0,87.99999,8.0,2.1796873,11.0,40.499996,27.6,48.374996
2022-02-07 11:00:00,800.0,357.99997,24.0,5.4531245,75.0,92.99999,10.0,1.5976561,10.4,33.749996,23.2,41.374996
2022-02-07 12:00:00,,303.99997,16.0,4.3749995,87.0,95.99999,,1.1210936,9.2,26.874998,19.9,33.749996
2022-02-07 13:00:00,500.0,250.49998,23.0,3.4296873,81.0,97.49999,6.0,0.49999997,8.1,13.624999,15.7,17.687498
2022-02-07 14:00:00,500.0,240.49998,22.0,3.2187498,82.0,95.99999,6.0,0.37304685,7.7,10.437499,18.4,13.718749
2022-02-07 15:00:00,400.0,236.99998,32.0,3.4296873,74.0,92.99999,5.0,0.32128903,7.1,9.781249,16.9,12.906249
2022-02-07 16:00:00,500.0,236.99998,33.0,7.8124995,68.0,82.49999,5.0,0.3583984,7.3,45.499996,16.1,52.124996
2022-02-07 17:00:00,400.0,247.49998,67.0,9.968749,25.0,71.74999,6.0,0.44335935,7.3,105.24999,15.7,117.99999
2022-02-07 18:00:00,400.0,257.99997,80.0,9.281249,8.0,69.49999,6.0,0.5664062,8.2,150.99998,18.1,170.49998
2022-02-07 19:00:00,400.0,263.99997,51.0,7.8906245,46.0,75.24999,6.0,0.61914057,9.5,180.49998,18.4,206.49998
2022-02-07 20:00:00,400.0,263.99997,33.0,6.6874995,56.0,80.99999,7.0,0.61132807,12.4,163.99998,19.8,190.49998
2022-02-07 21:00:00,300.0,267.99997,30.0,5.9218745,53.0,82.99999,7.0,0.61132807,12.5,114.74999,19.9,136.99998
2022-02-07 22:00:00,300.0,263.99997,40.0,5.1093745,38.0,84.49999,7.0,0.5605468,11.4,47.874996,17.8,60.874996
2022-02-07 23:00:00,300.0,250.49998,19.0,4.7656245,73.0,85.99999,6.0,0.39160153,10.2,22.749998,16.2,30.999998
2022-02-08 00:00:00,200.0,243.99998,12.0,4.7656245,83.0,86.74999,7.0,0.32128903,10.1,13.624999,16.0,19.249998
2022-02-08 01:00:00,200.0,250.49998,11.0,2.7031248,83.0,94.49999,7.0,0.31738278,10.1,16.124998,15.6,21.999998
2022-02-08 02:00:00,200.0,250.49998,6.0,2.7890623,87.0,88.74999,6.0,0.30175778,10.2,14.593749,15.1,19.812498
2022-02-08 03:00:00,200.0,250.49998,9.0,2.7265623,85.0,81.74999,6.0,0.2910156,9.8,13.406249,14.0,18.812498
2022-02-08 04:00:00,200.0,260.99997,14.0,2.6562498,86.0,75.99999,6.0,0.33203122,10.9,11.968749,15.1,17.562498
2022-02-08 05:00:00,200.0,277.99997,12.0,2.9609373,90.0,74.49999,5.0,0.47753903,9.1,12.531249,12.7,18.437498
2022-02-08 06:00:00,200.0,343.99997,18.0,3.3437498,75.0,75.24999,4.0,1.0468749,8.1,20.499998,11.4,27.499998
2022-02-08 07:00:00,300.0,417.99997,22.0,4.1562495,66.0,68.74999,5.0,1.5976561,6.1,27.062498,8.6,35.374996
2022-02-08 08:00:00,400.0,473.99997,19.0,4.4999995,72.0,64.49999,6.0,2.0312498,5.8,30.749998,10.1,40.249996
2022-02-08 09:00:00,500.0,527.99994,14.0,3.9843748,75.0,62.999996,6.0,2.4453123,9.4,31.874998,,41.874996
2022-02-08 10:00:00,600.0,535.99994,10.0,3.0468748,75.0,63.749996,7.0,2.5078123,14.2,27.874998,,37.749996
2022-02-08 11:00:00,400.0,487.99997,9.0,2.7890623,75.0,65.24999,7.0,2.2656248,13.5,22.999998,,32.249996
2022-02-08 12:00:00,400.0,423.99997,11.0,2.7890623,74.0,68.74999,7.0,1.9374999,9.9,18.812498,16.8,27.062498
2022-02-08 13:00:00,300.0,287.99997,22.0,2.7890623,67.0,72.24999,6.0,0.9257812,8.5,11.437499,14.7,16.624998
2022-02-08 14:00:00,400.0,263.99997,11.0,3.0468748,74.0,74.49999,6.0,0.79101557,6.4,8.968749,12.5,12.531249
2022-02-08 15:00:00,300.0,250.49998,11.0,3.3437498,74.0,75.24999,5.0,0.7011718,6.7,8.499999,12.7,11.656249
2022-02-08 16:00:00,300.0,467.99997,12.0,3.5156248,70.0,74.49999,6.0,3.3437498,7.6,15.624999,13.8,19.937498
2022-02-08 17:00:00,400.0,827.99994,13.0,3.4296873,72.0,74.49999,6.0,6.5624995,7.6,26.187498,11.6,32.999996
2022-02-08 18:00:00,500.0,1163.9999,11.0,3.3437498,73.0,75.99999,7.0,9.062499,8.0,35.499996,12.4,44.749996
2022-02-08 19:00:00,700.0,1351.9999,12.0,3.4296873,71.0,77.24999,8.0,10.031249,8.8,45.999996,12.1,57.624996
2022-02-08 20:00:00,900.0,1363.9999,12.0,3.5156248,71.0,76.74999,9.0,8.843749,10.1,51.749996,13.8,65.49999
2022-02-08 21:00:00,,1283.9999,8.0,3.6015623,74.0,73.74999,,7.0468745,11.6,53.749996,15.0,68.49999
2022-02-08 22:00:00,500.0,755.99994,5.0,3.6874998,79.0,70.24999,8.0,3.6093748,15.0,49.124996,18.7,63.999996
2022-02-08 23:00:00,400.0,527.99994,4.0,3.7734373,79.0,67.24999,7.0,1.7890624,19.2,37.249996,23.6,50.999996
2022-02-09 00:00:00,600.0,433.99997,5.0,3.8203123,76.0,65.99999,9.0,1.1210936,17.8,30.937498,21.3,42.999996
2022-02-09 01:00:00,500.0,373.99997,4.0,3.8593748,77.0,68.74999,9.0,1.0156249,16.7,103.49999,20.1,119.99999
2022-02-09 02:00:00,500.0,380.99997,4.0,4.4687495,77.0,66.74999,10.0,0.94726557,15.0,87.99999,18.3,99.24999
2022-02-09 03:00:00,300.0,377.99997,4.0,5.0156245,77.0,64.49999,6.0,0.8496093,14.5,77.99999,17.6,86.99999
2022-02-09 04:00:00,200.0,380.99997,7.0,5.4062495,72.0,62.249996,8.0,0.80468744,15.2,63.999996,18.6,71.74999
2022-02-09 05:00:00,200.0,400.99997,12.0,5.6562495,67.0,61.624996,6.0,0.95507807,15.1,62.749996,18.1,71.24999
2022-02-09 06:00:00,300.0,527.99994,20.0,5.8281245,59.0,60.874996,6.0,1.8789061,15.2,85.99999,18.6,98.49999
2022-02-09 07:00:00,600.0,661.99994,23.0,5.6562495,62.0,61.624996,7.0,2.6874998,16.1,87.49999,19.5,102.49999
2022-02-09 08:00:00,700.0,775.99994,18.0,4.7187495,71.0,62.999996,8.0,3.3984373,17.6,103.49999,22.9,122.24999
2022-02-09 09:00:00,600.0,855.99994,7.0,3.8593748,79.0,65.99999,7.0,4.1249995,21.4,120.49999,34.6,143.49998
2022-02-09 10:00:00,800.0,835.99994,6.0,3.2187498,83.0,71.74999,10.0,4.0624995,24.0,98.24999,38.4,119.74999
2022-02-09 11:00:00,600.0,775.99994,8.0,2.9140623,83.0,77.99999,10.0,3.7265623,26.1,74.49999,44.5,93.99999
2022-02-09 12:00:00,400.0,715.99994,6.0,2.7890623,88.0,84.49999,7.0,3.5468748,25.3,62.499996,37.4,80.99999
2022-02-09 13:00:00,300.0,367.99997,7.0,2.6796873,90.0,88.74999,7.0,1.4921874,23.1,51.499996,34.7,68.74999
2022-02-09 14:00:00,300.0,317.99997,7.0,2.8281248,91.0,90.24999,7.0,1.2695311,21.5,44.124996,34.1,60.249996
2022-02-09 15:00:00,300.0,297.99997,10.0,3.2578123,88.0,89.49999,6.0,1.1796874,21.8,41.499996,35.5,56.249996
2022-02-09 16:00:00,200.0,521.99994,13.0,6.7812495,83.0,82.49999,5.0,3.7890623,20.5,90.24999,36.5,108.74999
2022-02-09 17:00:00,300.0,895.99994,20.0,9.531249,76.0,73.74999,6.0,6.9218745,19.3,185.99998,33.4,212.99998
2022-02-09 18:00:00,300.0,1271.9999,21.0,10.031249,74.0,70.24999,7.0,9.562499,19.2,281.99997,30.9,317.99997
2022-02-09 19:00:00,400.0,1711.9999,43.0,10.812499,46.0,67.24999,7.0,12.781249,23.5,360.99997,35.8,393.99997
2022-02-09 20:00:00,500.0,2351.9998,74.0,10.812499,10.0,65.24999,8.0,15.499999,26.3,435.99997,34.8,464.99997
2022-02-09 21:00:00,600.0,2967.9998,69.0,10.468749,10.0,62.999996,8.0,16.499998,25.8,513.99994,37.5,537.99994
2022-02-09 22:00:00,1200.0,3231.9998,67.0,10.468749,7.0,60.874996,10.0,17.187498,26.8,505.99997,35.1,521.99994
2022-02-09 23:00:00,1100.0,3071.9998,58.0,11.499999,9.0,56.624996,11.0,18.374998,27.6,383.99997,34.4,393.99997
2022-02-10 00:00:00,1000.0,2647.9998,44.0,13.031249,18.0,52.249996,11.0,17.437498,28.9,258.99997,34.2,266.99997
2022-02-10 01:00:00,600.0,1603.9999,25.0,12.531249,37.0,43.749996,10.0,4.7187495,25.0,37.374996,29.4,43.499996
2022-02-10 02:00:00,600.0,1271.9999,18.0,12.874999,44.0,41.499996,10.0,2.9218748,22.0,35.249996,25.6,40.374996
2022-02-10 03:00:00,700.0,989.99994,31.0,14.062499,27.0,38.624996,8.0,2.4765623,20.4,33.874996,23.4,38.624996
2022-02-10 04:00:00,400.0,755.99994,44.0,15.281249,13.0,36.499996,6.0,2.2968748,16.2,31.937498,18.5,36.874996
2022-02-10 05:00:00,700.0,661.99994,60.0,17.874998,6.0,31.124998,6.0,2.8046873,17.7,32.124996,20.0,37.374996
2022-02-10 06:00:00,1000.0,775.99994,68.0,21.437498,2.0,23.249998,5.0,5.3749995,17.6,39.749996,20.8,45.999996
2022-02-10 07:00:00,700.0,947.99994,77.0,22.999998,4.0,18.249998,6.0,7.8749995,16.7,42.249996,19.2,49.374996
2022-02-10 08:00:00,700.0,1095.9999,73.0,21.124998,13.0,19.874998,8.0,8.249999,19.1,42.124996,23.2,49.874996
2022-02-10 09:00:00,700.0,1215.9999,35.0,19.562498,53.0,27.562498,7.0,7.7499995,23.7,39.374996,31.2,47.124996
2022-02-10 10:00:00,800.0,1163.9999,16.0,5.7499995,75.0,75.99999,9.0,6.2031245,21.4,31.999998,29.0,39.249996
2022-02-10 11:00:00,700.0,1071.9999,12.0,4.1562495,77.0,80.99999,10.0,5.3124995,19.7,24.687498,27.9,30.687498
2022-02-10 12:00:00,600.0,989.99994,10.0,3.8203123,81.0,83.74999,11.0,5.1406245,16.7,20.187498,23.5,25.062498
2022-02-10 13:00:00,500.0,487.99997,8.0,3.6874998,86.0,85.24999,11.0,2.7421873,11.3,15.218749,16.2,18.437498
2022-02-10 14:00:00,400.0,447.99997,14.0,4.1249995,81.0,84.49999,9.0,2.5937498,9.4,13.718749,16.2,16.562498
2022-02-10 15:00:00,400.0,433.99997,13.0,4.9374995,82.0,82.99999,9.0,2.4140623,9.7,12.124999,16.6,14.874999
2022-02-10 16:00:00,400.0,521.99994,18.0,17.687498,72.0,55.874996,8.0,3.4921873,9.7,12.499999,17.1,15.093749
2022-02-10 17:00:00,300.0,707.99994,36.0,28.124998,50.0,27.187498,7.0,5.5468745,8.8,17.187498,14.4,19.874998
2022-02-10 18:00:00,300.0,881.99994,76.0,28.812498,8.0,15.937499,7.0,7.1562495,9.3,23.062498,14.2,25.937498
2022-02-10 19:00:00,400.0,1215.9999,73.0,29.499998,7.0,11.281249,7.0,9.562499,5.6,26.437498,9.3,29.187498
2022-02-10 20:00:00,500.0,1763.9999,71.0,30.562498,7.0,8.249999,8.0,11.687499,5.3,28.062498,7.4,30.874998
2022-02-10 21:00:00,500.0,2247.9998,42.0,30.562498,28.0,6.1718745,8.0,13.249999,5.9,27.749998,7.7,30.562498
2022-02-10 22:00:00,600.0,2487.9998,41.0,30.874998,26.0,4.0781245,7.0,12.656249,5.9,28.749998,7.7,32.249996
2022-02-10 23:00:00,600.0,2327.9998,40.0,31.249998,24.0,2.8671873,7.0,8.843749,5.0,24.312498,6.1,27.937498
2022-02-11 00:00:00,900.0,1871.9999,51.0,31.562498,7.0,2.4374998,9.0,5.3124995,6.5,19.062498,8.5,22.312498
2022-02-11 01:00:00,900.0,1163.9999,54.0,23.687498,3.0,24.374998,10.0,2.8984373,8.5,14.406249,11.0,16.937498
2022-02-11 02:00:00,600.0,715.99994,53.0,24.374998,2.0,23.624998,9.0,1.4765624,9.0,16.562498,14.6,19.499998
2022-02-11 03:00:00,500.0,453.99997,51.0,27.437498,3.0,20.624998,8.0,0.96874994,8.6,18.062498,15.2,21.374998
2022-02-11 04:00:00,400.0,340.99997,53.0,31.874998,2.0,15.406249,8.0,0.82812494,8.2,20.187498,13.4,23.874998
2022-02-11 05:00:00,500.0,333.99997,57.0,35.749996,2.0,6.3593745,8.0,0.99999994,8.5,26.687498,12.9,31.124998
2022-02-11 06:00:00,600.0,440.99997,64.0,34.374996,2.0,1.2890624,6.0,2.0624998,8.7,54.374996,14.1,61.499996
2022-02-11 07:00:00,700.0,555.99994,68.0,28.812498,7.0,5.8124995,7.0,2.9218748,9.0,90.24999,14.9,100.74999
2022-02-11 08:00:00,1000.0,601.99994,65.0,28.499998,21.0,10.312499,11.0,3.2499998,11.1,106.99999,21.8,119.99999
2022-02-11 09:00:00,900.0,581.99994,76.0,34.374996,26.0,15.218749,10.0,3.2187498,11.9,102.49999,27.0,115.74999
2022-02-11 10:00:00,1000.0,494.99997,73.0,45.249996,47.0,43.374996,11.0,2.6562498,11.9,82.24999,25.4,93.99999
2022-02-11 11:00:00,,433.99997,77.0,41.499996,51.0,55.124996,,2.2656248,12.5,71.99999,25.2,82.74999
2022-02-11 12:00:00,,367.99997,74.0,40.124996,58.0,62.249996,,1.7890624,13.2,58.124996,25.4,67.49999
2022-02-11 13:00:00,,260.99997,52.0,35.374996,66.0,69.49999,,0.7382812,12.1,28.937498,21.6,33.999996
2022-02-11 14:00:00,,253.99998,45.0,30.187498,69.0,75.24999,,0.6855468,9.5,23.937498,16.4,27.999998
2022-02-11 15:00:00,,260.99997,50.0,27.437498,60.0,79.49999,,0.79882807,9.1,23.937498,16.9,27.874998
2022-02-11 16:00:00,,317.99997,57.0,36.374996,47.0,62.999996,,1.5078124,7.9,69.49999,14.2,77.49999
2022-02-11 17:00:00,,377.99997,53.0,43.874996,47.0,45.499996,,2.1484373,8.4,155.49998,14.6,169.99998
2022-02-11 18:00:00,,397.99997,88.0,45.249996,9.0,38.624996,,2.2421873,10.3,229.49998,16.2,249.99998
2022-02-11 19:00:00,,500.99997,90.0,44.624996,5.0,37.624996,,2.9843748,13.5,253.49998,19.3,277.99997
2022-02-11 20:00:00,,621.99994,84.0,46.624996,6.0,35.124996,,3.4296873,15.3,245.49998,21.1,270.99997
2022-02-11 21:00:00,,701.99994,76.0,51.499996,8.0,28.312498,,3.4921873,18.4,237.99998,25.3,263.99997
2022-02-11 22:00:00,500.0,701.99994,70.0,55.624996,9.0,21.687498,8.0,2.8984373,21.6,192.49998,27.7,216.49998
2022-02-11 23:00:00,500.0,561.99994,65.0,57.624996,4.0,15.749999,7.0,1.6562499,21.7,109.74999,26.8,126.49999
2022-02-12 00:00:00,400.0,410.99997,61.0,64.49999,2.0,9.843749,7.0,0.8496093,20.9,53.999996,25.9,63.999996
2022-02-12 01:00:00,500.0,327.99997,54.0,69.99999,3.0,19.874998,8.0,0.67187494,21.3,50.249996,25.9,59.124996
2022-02-12 02:00:00,500.0,323.99997,46.0,81.74999,5.0,14.156249,8.0,0.64843744,19.3,43.124996,23.8,50.124996
2022-02-12 03:00:00,400.0,323.99997,47.0,93.24999,4.0,9.593749,8.0,0.64257807,15.5,39.999996,20.6,45.999996
2022-02-12 04:00:00,300.0,327.99997,54.0,105.74999,1.0,6.5312495,7.0,0.64257807,16.0,40.624996,21.1,46.249996
2022-02-12 05:00:00,300.0,340.99997,55.0,116.74999,1.0,3.3124998,7.0,0.7460937,13.2,49.499996,17.2,55.499996
2022-02-12 06:00:00,300.0,413.99997,56.0,120.74999,2.0,1.3671874,8.0,1.3593749,9.4,92.49999,12.5,102.24999
2022-02-12 07:00:00,500.0,473.99997,59.0,105.74999,7.0,6.9843745,8.0,1.7734374,9.5,128.99998,12.9,141.99998
2022-02-12 08:00:00,500.0,515.99994,57.0,84.99999,25.0,11.812499,7.0,2.1171873,10.7,130.49998,15.2,143.99998
2022-02-12 09:00:00,400.0,521.99994,21.0,70.74999,76.0,14.499999,7.0,2.2968748,11.3,99.24999,16.1,110.74999
2022-02-12 10:00:00,400.0,413.99997,16.0,32.999996,91.0,62.999996,7.0,1.6562499,13.1,33.499996,19.3,38.749996
2022-02-12 11:00:00,300.0,360.99997,27.0,24.374998,81.0,71.74999,7.0,1.3867186,13.1,22.187498,19.8,25.812498
2022-02-12 12:00:00,300.0,327.99997,21.0,21.437498,89.0,76.74999,6.0,1.1953124,11.1,18.062498,15.7,21.062498
2022-02-12 13:00:00,300.0,280.99997,25.0,23.312498,87.0,77.24999,6.0,0.83593744,11.0,12.687499,15.6,14.999999
2022-02-12 14:00:00,300.0,267.99997,24.0,25.062498,91.0,75.99999,6.0,0.80468744,9.7,10.937499,13.9,12.999999
2022-02-12 15:00:00,300.0,260.99997,23.0,22.999998,91.0,75.99999,6.0,0.79882807,10.7,10.937499,17.0,12.874999
2022-02-12 16:00:00,300.0,433.99997,24.0,21.624998,84.0,74.49999,8.0,2.7421873,12.5,16.499998,19.9,19.124998
2022-02-12 17:00:00,300.0,715.99994,30.0,22.312498,72.0,69.49999,7.0,4.8906245,14.7,24.874998,21.6,28.937498
2022-02-12 18:00:00,300.0,975.99994,31.0,19.937498,62.0,67.99999,6.0,6.7499995,15.8,33.624996,22.4,38.999996
2022-02-12 19:00:00,300.0,1231.9999,45.0,18.374998,42.0,65.24999,7.0,9.062499,20.6,39.124996,27.2,45.499996
2022-02-12 20:00:00,400.0,1575.9999,37.0,17.999998,47.0,60.124996,7.0,10.624999,26.0,40.624996,32.2,48.124996
2022-02-12 21:00:00,600.0,1979.9999,30.0,17.187498,52.0,56.624996,9.0,11.343749,24.6,39.624996,29.2,47.749996
2022-02-12 22:00:00,500.0,2191.9998,32.0,17.499998,44.0,52.999996,8.0,9.562499,24.0,31.937498,27.8,39.249996
2022-02-12 23:00:00,500.0,1979.9999,19.0,18.374998,62.0,47.999996,7.0,5.8437495,22.0,22.499998,25.4,27.999998
2022-02-13 00:00:00,400.0,1603.9999,18.0,19.249998,60.0,44.749996,7.0,3.1953123,20.4,18.999998,22.9,22.999998
2022-02-13 01:00:00,300.0,460.99997,7.0,18.562498,89.0,42.249996,6.0,0.9023437,18.6,15.781249,20.7,18.624998
2022-02-13 02:00:00,300.0,413.99997,11.0,16.124998,73.0,42.624996,6.0,0.7539062,17.4,15.531249,19.5,18.249998
2022-02-13 03:00:00,400.0,383.99997,12.0,14.062499,71.0,45.499996,7.0,0.65624994,16.0,15.531249,17.4,18.187498
2022-02-13 04:00:00,300.0,370.99997,24.0,9.093749,61.0,63.749996,7.0,0.64257807,17.5,15.718749,19.6,18.312498
2022-02-13 05:00:00,300.0,383.99997,11.0,7.9687495,77.0,67.99999,6.0,0.80468744,16.9,17.062498,18.9,19.749998
2022-02-13 06:00:00,300.0,480.99997,8.0,7.6406245,81.0,70.99999,6.0,1.6562499,16.1,24.124998,18.1,27.874998
2022-02-13 07:00:00,300.0,595.99994,13.0,7.1249995,69.0,72.24999,5.0,2.3281248,15.2,28.312498,17.0,33.124996
2022-02-13 08:00:00,400.0,635.99994,11.0,6.6874995,71.0,70.24999,6.0,2.4140623,15.9,28.937498,18.5,34.249996
2022-02-13 09:00:00,400.0,601.99994,11.0,6.3437495,71.0,67.24999,6.0,2.1796873,16.7,27.749998,20.3,32.874996
2022-02-13 10:00:00,400.0,417.99997,12.0,5.1874995,70.0,66.74999,7.0,1.3867186,16.6,21.749998,21.3,25.249998
2022-02-13 11:00:00,300.0,333.99997,9.0,4.2499995,80.0,66.74999,8.0,1.1054686,15.9,18.437498,22.4,21.312498
2022-02-13 12:00:00,200.0,280.99997,8.0,3.3046873,83.0,71.74999,8.0,0.8730468,17.5,13.874999,24.8,16.312498
2022-02-13 13:00:00,200.0,236.99998,8.0,2.6562498,86.0,77.24999,7.0,0.62695307,17.6,9.124999,26.5,10.999999
2022-02-13 14:00:00,200.0,230.49998,8.0,2.7421873,86.0,80.99999,6.0,0.5449218,16.0,6.5781245,27.2,8.156249
2022-02-13 15:00:00,200.0,233.99998,9.0,2.9999998,84.0,80.24999,6.0,0.49999997,16.6,5.2656245,31.6,6.6874995
2022-02-13 16:00:00,200.0,236.99998,14.0,3.4765623,78.0,77.24999,6.0,0.5605468,17.2,4.5937495,34.6,6.0468745
2022-02-13 17:00:00,200.0,243.99998,20.0,3.8593748,66.0,75.24999,6.0,0.6855468,14.6,4.6249995,27.6,6.2343745
2022-02-13 18:00:00,200.0,253.99998,26.0,4.0781245,60.0,73.74999,7.0,0.82031244,17.2,5.1249995,33.1,6.9218745
2022-02-13 19:00:00,200.0,260.99997,25.0,4.2968745,62.0,72.24999,7.0,0.9179687,18.4,5.2499995,33.6,7.1718745
2022-02-13 20:00:00,200.0,257.99997,22.0,4.1562495,65.0,72.99999,7.0,0.8808593,18.7,4.7656245,32.4,6.5781245
2022-02-13 21:00:00,200.0,253.99998,22.0,4.0781245,60.0,72.99999,6.0,0.7617187,17.3,4.3124995,30.9,5.9218745
2022-02-13 22:00:00,200.0,247.49998,26.0,6.3437495,52.0,65.24999,6.0,0.5605468,14.6,3.4609373,27.0,4.7343745
2022-02-13 23:00:00,200.0,236.99998,19.0,8.749999,59.0,55.124996,6.0,0.35449216,10.3,2.3984373,22.4,3.2187498
2022-02-14 00:00:00,200.0,236.99998,29.0,9.968749,41.0,50.124996,6.0,0.31738278,9.4,2.4374998,19.5,3.2499998
2022-02-14 01:00:00,200.0,240.49998,26.0,11.156249,43.0,46.499996,6.0,0.5820312,8.0,2.2343748,15.6,2.9843748
2022-02-14 02:00:00,200.0,240.49998,31.0,11.999999,35.0,43.374996,6.0,0.60351557,7.1,2.3203123,14.4,2.9765623
2022-02-14 03:00:00,200.0,243.99998,39.0,14.249999,18.0,38.624996,6.0,0.5976562,6.2,2.3437498,12.4,2.9453123
2022-02-14 04:00:00,200.0,247.49998,43.0,17.499998,9.0,33.624996,7.0,0.5976562,5.5,2.3124998,9.7,2.8828123
2022-02-14 05:00:00,200.0,267.99997,51.0,21.124998,2.0,26.124998,5.0,0.6933593,1.9,2.8046873,3.6,3.4843748
2022-02-14 06:00:00,200.0,327.99997,55.0,24.687498,3.0,16.999998,4.0,1.2382811,1.0,4.7656245,1.9,5.9218745
2022-02-14 07:00:00,200.0,403.99997,65.0,23.687498,6.0,15.562499,4.0,1.8203124,1.7,5.8281245,3.1,7.4062495
2022-02-14 08:00:00,300.0,420.99997,39.0,21.812498,44.0,18.437498,4.0,1.9687499,3.3,6.7343745,7.2,8.531249
2022-02-14 09:00:00,300.0,370.99997,20.0,21.624998,67.0,20.937498,3.0,1.6718749,4.8,7.1249995,11.5,8.906249
2022-02-14 10:00:00,200.0,287.99997,17.0,10.968749,74.0,70.99999,4.0,0.99999994,5.7,6.1093745,14.0,7.8437495
2022-02-14 11:00:00,300.0,273.99997,12.0,8.406249,82.0,78.74999,4.0,0.8945312,6.1,4.8749995,15.7,6.4531245
2022-02-14 12:00:00,,260.99997,29.0,7.9687495,71.0,81.74999,,0.7539062,6.7,4.0312495,15.1,5.4218745
2022-02-14 13:00:00,,243.99998,38.0,6.8593745,68.0,85.24999,,0.51562494,6.7,3.5234373,13.8,4.8124995
2022-02-14 14:00:00,500.0,243.99998,33.0,7.2968745,77.0,85.24999,5.0,0.42187497,6.8,3.4609373,15.5,4.7968745
2022-02-14 15:00:00,400.0,240.49998,37.0,9.781249,73.0,82.99999,5.0,0.39941403,6.7,3.6093748,13.5,5.0156245
2022-02-14 16:00:00,400.0,250.49998,47.0,18.374998,57.0,74.49999,5.0,0.51562494,6.7,8.343749,12.8,10.718749
2022-02-14 17:00:00,400.0,267.99997,43.0,27.812498,52.0,63.749996,5.0,0.7460937,3.6,16.749998,6.9,20.437498
2022-02-14 18:00:00,300.0,290.99997,40.0,31.562498,56.0,56.624996,5.0,1.0156249,3.8,30.812498,5.2,35.874996
2022-02-14 19:00:00,300.0,367.99997,48.0,43.874996,41.0,35.874996,6.0,1.9999999,4.0,51.999996,6.2,58.749996
2022-02-14 20:00:00,400.0,453.99997,54.0,57.624996,32.0,14.499999,6.0,2.8046873,5.2,65.74999,7.1,73.49999
2022-02-14 21:00:00,400.0,487.99997,68.0,65.99999,11.0,3.0468748,6.0,2.9218748,8.3,72.49999,12.7,81.24999
2022-02-14 22:00:00,300.0,535.99994,63.0,66.49999,6.0,0.23486327,6.0,2.9843748,7.8,62.749996,12.8,70.99999
2022-02-14 23:00:00,200.0,547.99994,61.0,67.24999,5.0,0.063720696,5.0,2.3906248,6.3,32.124996,10.0,37.749996
2022-02-15 00:00:00,200.0,561.99994,55.0,69.99999,4.0,0.03710937,5.0,1.8945311,5.0,15.406249,8.5,18.749998
2022-02-15 01:00:00,200.0,535.99994,50.0,79.74999,3.0,0.00049781793,4.0,1.5234374,4.6,7.8593745,8.7,9.812499
2022-02-15 02:00:00,200.0,507.99997,42.0,80.99999,3.0,0.00023746489,4.0,1.3281249,5.2,7.4218745,11.0,9.468749
2022-02-15 03:00:00,200.0,467.99997,37.0,82.99999,3.0,0.000112056725,3.0,1.1953124,4.9,7.3281245,11.1,9.499999
2022-02-15 04:00:00,200.0,440.99997,35.0,85.74999,7.0,0.00034999845,4.0,1.1953124,4.6,7.7812495,9.0,10.218749
2022-02-15 05:00:00,200.0,500.99997,45.0,87.74999,2.0,0.00029754636,3.0,1.4921874,4.4,9.781249,8.6,12.718749
2022-02-15 06:00:00,300.0,715.99994,50.0,87.74999,2.0,0.3583984,2.0,2.7734373,4.8,19.499998,9.7,23.749998
2022-02-15 07:00:00,400.0,989.99994,,80.24999,,6.7968745,3.0,4.1874995,4.9,27.374998,11.0,32.874996
2022-02-15 08:00:00,600.0,1203.9999,,71.49999,,14.312499,5.0,5.0156245,5.5,26.374998,12.8,32.374996
2022-02-15 09:00:00,500.0,1391.9999,,67.99999,,20.249998,4.0,5.7968745,7.9,21.749998,22.1,27.624998
2022-02-15 10:00:00,400.0,975.99994,,23.999998,,67.99999,3.0,4.1249995,7.8,14.968749,20.9,20.624998
2022-02-15 11:00:00,300.0,867.99994,,14.593749,,78.74999,1.0,3.9374998,7.7,10.374999,18.5,15.874999
2022-02-15 12:00:00,300.0,747.99994,,12.531249,,83.74999,2.0,3.7578123,7.7,7.0937495,16.9,12.187499
2022-02-15 13:00:00,300.0,417.99997,,11.156249,,87.49999,4.0,2.1796873,8.1,4.1562495,18.2,7.2031245
2022-02-15 14:00:00,200.0,303.99997,,10.968749,,90.24999,5.0,1.2070311,8.6,3.8359373,19.6,6.2968745
2022-02-15 15:00:00,200.0,260.99997,,11.656249,,90.24999,5.0,0.7246093,8.0,4.1093745,17.9,6.2968745
2022-02-15 16:00:00,200.0,290.99997,36.0,25.062498,66.0,68.74999,6.0,1.1210936,8.0,4.4687495,17.6,6.0156245
2022-02-15 17:00:00,200.0,370.99997,42.0,38.499996,62.0,44.374996,6.0,2.0624998,7.7,4.8437495,14.0,6.1874995
2022-02-15 18:00:00,300.0,447.99997,72.0,45.999996,26.0,30.437498,6.0,2.9531248,6.5,5.7656245,9.2,7.2656245
2022-02-15 19:00:00,400.0,615.99994,91.0,53.499996,4.0,20.624998,6.0,4.5937495,7.9,6.4687495,10.5,8.093749
2022-02-15 20:00:00,500.0,815.99994,86.0,66.49999,7.0,9.937499,6.0,5.9062495,9.2,6.2812495,11.8,7.8124995
2022-02-15 21:00:00,300.0,947.99994,78.0,81.74999,8.0,1.9921874,6.0,6.0312495,7.4,6.2499995,10.0,7.7031245
2022-02-15 22:00:00,300.0,961.99994,65.0,91.99999,6.0,0.4755859,6.0,5.1406245,5.3,4.9999995,6.4,6.1874995
2022-02-15 23:00:00,200.0,855.99994,59.0,100.24999,4.0,0.11743163,6.0,3.6406248,3.1,3.0781248,3.8,3.8124998
2022-02-16 00:00:00,200.0,701.99994,57.0,109.74999,4.0,0.037719723,5.0,2.6249998,2.4,2.7031248,2.8,3.3046873
2022-02-16 01:00:00,200.0,423.99997,51.0,112.49999,3.0,0.045410153,5.0,1.3281249,1.7,2.9765623,2.4,3.7734373
2022-02-16 02:00:00,200.0,433.99997,45.0,113.99999,4.0,0.019775389,5.0,1.3281249,1.1,2.6718748,1.6,3.4374998
2022-02-16 03:00:00,300.0,467.99997,39.0,115.24999,5.0,0.009429931,5.0,1.4335936,1.1,2.5234373,2.0,3.2812498
2022-02-16 04:00:00,300.0,527.99994,44.0,115.24999,2.0,0.0036239622,4.0,1.6874999,0.8,2.5234373,1.7,3.2578123
2022-02-16 05:00:00,300.0,615.99994,46.0,116.74999,1.0,0.000629425,4.0,2.2968748,0.6,3.0078123,1.3,3.8281248
2022-02-16 06:00:00,300.0,841.99994,52.0,115.24999,2.0,0.2519531,4.0,5.1406245,0.6,5.4999995,1.6,6.7968745
2022-02-16 07:00:00,400.0,1191.9999,63.0,105.74999,3.0,4.6093745,5.0,8.968749,0.7,7.1874995,1.8,9.062499
2022-02-16 08:00:00,500.0,1471.9999,78.0,89.24999,4.0,12.343749,8.0,9.437499,1.3,7.4531245,4.5,9.468749
2022-02-16 09:00:00,500.0,1615.9999,75.0,78.24999,13.0,18.812498,8.0,8.593749,1.8,7.2187495,5.8,9.124999
2022-02-16 10:00:00,500.0,895.99994,47.0,21.937498,46.0,67.99999,8.0,4.4843745,2.1,6.2343745,7.0,7.9218745
2022-02-16 11:00:00,400.0,615.99994,40.0,13.562499,57.0,77.24999,7.0,3.0468748,2.6,5.5624995,8.2,7.1562495
2022-02-16 12:00:00,400.0,460.99997,18.0,8.312499,80.0,85.99999,6.0,2.2109373,3.1,5.2343745,6.1,6.7499995
2022-02-16 13:00:00,300.0,323.99997,18.0,5.1874995,78.0,92.99999,6.0,1.1953124,3.2,5.2812495,6.2,6.9374995
2022-02-16 14:00:00,300.0,280.99997,20.0,4.1562495,78.0,94.49999,6.0,0.8496093,3.1,5.4843745,7.8,7.3593745
2022-02-16 15:00:00,400.0,267.99997,25.0,3.7734373,71.0,97.49999,6.0,0.7382812,2.2,5.7656245,7.0,7.9062495
2022-02-16 16:00:00,400.0,307.99997,32.0,3.8203123,58.0,98.74999,6.0,1.2539061,2.1,6.0312495,6.3,7.9374995
2022-02-16 17:00:00,300.0,393.99997,35.0,3.7343748,50.0,98.74999,6.0,2.1484373,1.8,6.6718745,3.5,8.406249
2022-02-16 18:00:00,400.0,480.99997,42.0,3.5156248,46.0,98.74999,6.0,2.9531248,2.1,7.6874995,3.5,9.562499
2022-02-16 19:00:00,400.0,661.99994,43.0,3.4765623,46.0,97.49999,6.0,4.2968745,2.7,7.7031245,3.6,10.156249
2022-02-16 20:00:00,400.0,867.99994,41.0,3.3046873,48.0,97.49999,6.0,5.2499995,3.8,6.4999995,5.3,9.156249
2022-02-16 21:00:00,400.0,975.99994,33.0,3.1328123,53.0,100.24999,6.0,5.3749995,4.3,6.1562495,6.2,8.687499
2022-02-16 22:00:00,400.0,1071.9999,22.0,2.9999998,65.0,101.74999,7.0,4.6562495,2.6,5.4999995,4.3,7.2343745
2022-02-16 23:00:00,400.0,1111.9999,14.0,3.3046873,74.0,101.74999,6.0,3.4609373,2.1,4.5468745,3.8,5.6093745
2022-02-17 00:00:00,400.0,1123.9999,10.0,3.6874998,72.0,101.74999,7.0,2.9843748,1.3,4.4374995,2.1,5.2656245
2022-02-17 01:00:00,400.0,1135.9999,15.0,5.1562495,59.0,97.49999,8.0,4.4843745,0.9,4.7499995,2.2,5.4843745
2022-02-17 02:00:00,400.0,1043.9999,18.0,4.9374995,53.0,97.49999,7.0,6.3281245,0.8,4.6093745,1.6,5.2031245
2022-02-17 03:00:00,300.0,1001.99994,14.0,4.6718745,53.0,98.74999,6.0,7.4531245,3.5,4.2031245,6.1,4.7812495
2022-02-17 04:00:00,500.0,907.99994,26.0,4.9374995,36.0,98.74999,7.0,7.2812495,7.3,3.7578123,12.7,4.5781245
2022-02-17 05:00:00,300.0,821.99994,39.0,6.1718745,24.0,97.49999,5.0,6.8593745,11.5,4.6093745,20.2,6.1406245
2022-02-17 06:00:00,400.0,895.99994,57.0,7.9687495,6.0,95.99999,5.0,7.3437495,14.9,7.6406245,26.7,10.468749
2022-02-17 07:00:00,400.0,989.99994,64.0,8.843749,5.0,94.49999,5.0,4.5937495,16.6,9.531249,29.7,13.874999
2022-02-17 08:00:00,600.0,1071.9999,74.0,8.499999,11.0,92.99999,8.0,4.2968745,19.8,9.312499,36.9,15.874999
2022-02-17 09:00:00,700.0,1163.9999,34.0,7.9687495,54.0,90.24999,9.0,4.7187495,21.2,8.999999,41.9,18.249998
2022-02-17 10:00:00,700.0,721.99994,52.0,6.4374995,35.0,89.49999,9.0,2.8359373,22.6,7.5156245,46.0,16.937498
2022-02-17 11:00:00,500.0,567.99994,24.0,5.4843745,66.0,90.99999,9.0,2.4140623,21.0,6.3281245,41.6,14.312499
2022-02-17 12:00:00,400.0,480.99997,18.0,5.0624995,74.0,92.99999,9.0,2.1484373,18.4,5.2812495,36.0,11.812499
2022-02-17 13:00:00,400.0,343.99997,15.0,5.0156245,79.0,94.49999,8.0,1.2968749,15.4,4.9531245,31.8,10.624999
2022-02-17 14:00:00,400.0,330.99997,39.0,5.8281245,53.0,92.99999,8.0,1.3593749,15.3,5.4843745,32.6,10.812499
2022-02-17 15:00:00,400.0,340.99997,51.0,7.2031245,38.0,90.99999,7.0,1.5664061,13.3,6.0937495,27.7,11.187499
2022-02-17 16:00:00,400.0,615.99994,40.0,9.781249,50.0,87.99999,7.0,5.3749995,12.7,11.062499,24.7,16.874998
2022-02-17 17:00:00,300.0,1123.9999,51.0,10.812499,31.0,86.74999,7.0,12.656249,11.2,18.249998,21.3,25.499998
2022-02-17 18:00:00,300.0,1695.9999,62.0,10.624999,17.0,85.99999,7.0,21.249998,11.2,26.124998,20.8,34.874996
2022-02-17 19:00:00,400.0,2247.9998,69.0,19.062498,5.0,68.74999,7.0,30.062498,13.2,35.374996,23.3,45.749996
2022-02-17 20:00:00,500.0,2831.9998,62.0,31.249998,3.0,45.124996,7.0,39.124996,15.1,40.249996,25.1,52.124996
2022-02-17 21:00:00,700.0,3367.9998,56.0,43.624996,9.0,25.749998,8.0,46.749996,17.0,42.124996,27.6,55.499996
2022-02-17 22:00:00,1100.0,3583.9998,46.0,53.499996,9.0,13.437499,9.0,48.249996,16.5,35.249996,25.6,49.499996
2022-02-17 23:00:00,1100.0,3311.9998,37.0,59.749996,8.0,4.5624995,11.0,41.124996,15.6,20.437498,24.7,34.124996
2022-02-18 00:00:00,900.0,2703.9998,37.0,63.124996,5.0,0.5605468,10.0,28.624998,14.7,13.156249,23.8,25.937498
2022-02-18 01:00:00,600.0,2111.9998,30.0,45.249996,5.0,14.312499,10.0,3.9374998,13.6,9.906249,21.4,21.124998
2022-02-18 02:00:00,900.0,1615.9999,29.0,39.874996,2.0,13.593749,12.0,3.0703123,12.7,8.749999,18.8,16.187498
2022-02-18 03:00:00,700.0,1203.9999,33.0,38.124996,2.0,9.593749,10.0,2.5937498,8.5,7.3906245,10.9,11.499999
2022-02-18 04:00:00,400.0,867.99994,39.0,39.499996,1.0,3.9843748,9.0,2.3593748,3.5,5.3593745,4.5,7.3593745
2022-02-18 05:00:00,500.0,747.99994,51.0,38.124996,1.0,1.1523436,9.0,2.9218748,1.7,4.2968745,3.9,5.7343745
2022-02-18 06:00:00,600.0,855.99994,53.0,34.999996,2.0,1.0859374,7.0,5.7968745,1.9,4.4999995,4.6,6.0781245
2022-02-18 07:00:00,600.0,1015.99994,63.0,33.249996,3.0,4.4374995,8.0,8.593749,2.0,4.2343745,5.1,5.8281245
2022-02-18 08:00:00,800.0,1135.9999,71.0,28.124998,14.0,14.499999,10.0,8.468749,2.9,4.1249995,7.5,5.7031245
2022-02-18 09:00:00,900.0,1255.9999,39.0,18.374998,47.0,37.249996,12.0,7.5781245,2.8,3.6953123,8.4,5.1093745
2022-02-18 10:00:00,600.0,947.99994,13.0,4.2031245,75.0,88.74999,9.0,4.7812495,2.9,2.9921873,10.0,4.1093745
2022-02-18 11:00:00,700.0,787.99994,7.0,3.0468748,87.0,94.49999,12.0,3.7578123,2.8,2.6640623,8.1,3.5859373
2022-02-18 12:00:00,500.0,667.99994,7.0,2.7421873,90.0,97.49999,11.0,3.1953123,2.8,2.7031248,5.4,3.5234373
2022-02-18 13:00:00,300.0,377.99997,7.0,2.3359373,93.0,98.74999,9.0,1.6093749,3.0,3.3281248,6.6,4.1093745
2022-02-18 14:00:00,400.0,330.99997,8.0,2.5781248,94.0,97.49999,8.0,1.2539061,4.2,3.4296873,9.7,4.1718745
2022-02-18 15:00:00,300.0,310.99997,8.0,3.0859373,94.0,95.99999,8.0,1.0585936,6.1,3.3749998,13.4,4.1406245
2022-02-18 16:00:00,300.0,350.99997,11.0,13.562499,92.0,69.49999,7.0,1.5234374,6.0,4.5156245,12.4,5.7812495
2022-02-18 17:00:00,300.0,440.99997,24.0,20.249998,74.0,42.624996,8.0,2.4453123,6.5,6.4218745,15.3,8.437499
2022-02-18 18:00:00,300.0,500.99997,44.0,21.812498,51.0,30.062498,7.0,3.2187498,8.6,8.999999,17.6,11.656249
2022-02-18 19:00:00,400.0,581.99994,58.0,25.374998,31.0,22.187498,7.0,4.1249995,10.3,11.062499,21.5,14.124999
2022-02-18 20:00:00,400.0,761.99994,81.0,27.812498,5.0,15.031249,7.0,5.1406245,12.0,10.124999,23.7,12.999999
2022-02-18 21:00:00,400.0,867.99994,76.0,28.499998,6.0,9.656249,7.0,4.8281245,9.8,9.374999,18.2,12.062499
2022-02-18 22:00:00,400.0,595.99994,70.0,29.499998,5.0,5.9999995,7.0,2.5390623,7.6,7.2187495,13.8,9.656249
2022-02-18 23:00:00,400.0,320.99997,66.0,29.187498,6.0,4.2031245,7.0,0.8808593,6.8,4.0624995,13.3,6.0312495
2022-02-19 00:00:00,300.0,243.99998,54.0,28.499998,19.0,3.6718748,7.0,0.32812497,5.4,2.8749998,11.8,4.6093745
2022-02-19 01:00:00,300.0,233.99998,9.0,23.687498,83.0,11.468749,7.0,0.20898436,5.4,2.1640623,11.8,3.7265623
2022-02-19 02:00:00,200.0,236.99998,28.0,24.687498,43.0,10.031249,7.0,0.31738278,5.5,2.3828123,12.1,4.2656245
2022-02-19 03:00:00,200.0,236.99998,37.0,27.437498,25.0,7.0781245,7.0,0.30566403,5.4,2.6328123,12.9,4.8593745
2022-02-19 04:00:00,200.0,233.99998,40.0,30.187498,26.0,5.2343745,7.0,0.22167967,5.1,2.9374998,11.2,5.4374995
2022-02-19 05:00:00,200.0,233.99998,37.0,31.249998,36.0,2.1953123,7.0,0.2314453,4.8,3.7812498,10.3,6.5937495
2022-02-19 06:00:00,200.0,243.99998,44.0,29.874998,32.0,1.0859374,6.0,0.3427734,4.8,7.9374995,9.9,11.562499
2022-02-19 07:00:00,200.0,247.49998,36.0,27.124998,46.0,6.9843745,7.0,0.41015622,5.2,11.312499,10.6,15.874999
2022-02-19 08:00:00,200.0,250.49998,36.0,29.874998,54.0,13.249999,7.0,0.44335935,6.0,11.343749,12.4,16.437498
2022-02-19 09:00:00,200.0,250.49998,40.0,37.749996,59.0,22.187498,6.0,0.4628906,6.4,10.156249,14.4,15.343749
2022-02-19 10:00:00,300.0,247.49998,34.0,21.812498,75.0,82.99999,7.0,0.4287109,6.2,7.5156245,13.1,12.468749
2022-02-19 11:00:00,300.0,240.49998,22.0,13.374999,104.0,95.99999,7.0,0.38085935,6.2,5.5624995,13.8,10.156249
2022-02-19 12:00:00,300.0,236.99998,25.0,9.687499,92.0,104.49999,7.0,0.34667966,6.1,4.2031245,13.5,8.468749
2022-02-19 13:00:00,300.0,233.99998,23.0,7.7187495,93.0,108.74999,6.0,0.32812497,6.7,3.0234373,12.7,6.3124995
2022-02-19 14:00:00,300.0,233.99998,18.0,6.8593745,99.0,110.24999,6.0,0.31347653,7.1,2.6093748,12.9,5.3124995
2022-02-19 15:00:00,300.0,233.99998,17.0,6.6093745,99.0,108.74999,6.0,0.30175778,6.3,2.4843748,13.6,4.6249995
2022-02-19 16:00:00,300.0,253.99998,19.0,11.312499,92.0,98.74999,5.0,0.5820312,5.9,2.4531248,13.6,3.7499998
2022-02-19 17:00:00,300.0,287.99997,23.0,14.406249,84.0,90.99999,6.0,1.0468749,6.2,2.4062498,14.7,3.3281248
2022-02-19 18:00:00,300.0,330.99997,38.0,14.937499,61.0,87.49999,6.0,1.5820311,7.0,2.6406248,11.7,3.5312498
2022-02-19 19:00:00,300.0,353.99997,55.0,18.874998,39.0,75.99999,7.0,1.8515624,7.5,2.9921873,11.9,4.0937495
2022-02-19 20:00:00,400.0,337.99997,73.0,24.687498,14.0,62.999996,7.0,1.5976561,6.6,3.2499998,10.5,4.5624995
2022-02-19 21:00:00,400.0,303.99997,71.0,31.874998,11.0,53.749996,8.0,1.1640624,5.9,3.7031248,10.0,5.3281245
2022-02-19 22:00:00,300.0,277.99997,70.0,37.374996,4.0,45.874996,7.0,0.82031244,5.4,3.4218748,9.1,5.1718745
2022-02-19 23:00:00,300.0,267.99997,61.0,41.249996,3.0,38.999996,6.0,0.5820312,4.6,2.4531248,7.5,4.1093745
2022-02-20 00:00:00,300.0,260.99997,45.0,46.624996,10.0,31.124998,6.0,0.42187497,4.2,2.1953123,6.7,3.4687498
2022-02-20 01:00:00,200.0,267.99997,49.0,46.624996,3.0,26.874998,5.0,0.3505859,4.8,2.5468748,7.3,3.9374998
2022-02-20 02:00:00,200.0,280.99997,43.0,50.749996,5.0,21.499998,5.0,0.39160153,4.2,2.7265623,6.9,4.0156245
2022-02-20 03:00:00,300.0,290.99997,49.0,53.499996,2.0,16.687498,4.0,0.41796872,5.5,3.2499998,9.1,4.9062495
2022-02-20 04:00:00,200.0,310.99997,48.0,58.999996,2.0,11.374999,3.0,0.50781244,6.6,4.2343745,11.4,6.8749995
2022-02-20 05:00:00,200.0,347.99997,53.0,64.49999,1.0,5.6406245,3.0,0.93164057,6.9,5.5468745,11.3,9.406249
2022-02-20 06:00:00,300.0,453.99997,50.0,65.24999,2.0,2.1249998,3.0,2.4765623,6.8,7.6874995,10.9,12.218749
2022-02-20 07:00:00,400.0,587.99994,53.0,61.749996,4.0,7.4218745,2.0,3.6406248,6.5,8.687499,10.7,13.249999
2022-02-20 08:00:00,600.0,681.99994,63.0,54.874996,10.0,14.687499,2.0,3.0703123,6.3,8.781249,10.4,13.124999
2022-02-20 09:00:00,300.0,735.99994,64.0,45.999996,20.0,20.249998,2.0,3.1640623,6.9,8.624999,11.4,12.999999
2022-02-20 10:00:00,400.0,500.99997,73.0,23.687498,23.0,52.249996,3.0,1.9687499,7.1,7.6249995,11.3,12.093749
2022-02-20 11:00:00,300.0,427.99997,42.0,15.281249,61.0,65.99999,4.0,1.7890624,6.0,5.9531245,9.7,9.656249
2022-02-20 12:00:00,300.0,370.99997,21.0,10.968749,87.0,78.74999,5.0,1.5078124,6.1,4.2968745,10.3,6.9531245
2022-02-20 13:00:00,300.0,267.99997,23.0,6.3437495,84.0,90.24999,5.0,0.66406244,7.4,3.1718748,13.7,4.8906245
2022-02-20 14:00:00,300.0,250.49998,29.0,6.4374995,81.0,87.49999,6.0,0.50781244,8.2,3.2031248,13.5,4.9062495
2022-02-20 15:00:00,300.0,243.99998,31.0,6.8593745,69.0,81.74999,6.0,0.4550781,9.0,3.9999998,15.0,6.0937495
2022-02-20 16:00:00,300.0,420.99997,74.0,7.7187495,17.0,75.24999,6.0,2.8671873,10.7,4.7656245,19.0,7.2968745
2022-02-20 17:00:00,300.0,727.99994,92.0,7.9687495,2.0,71.74999,6.0,7.2812495,10.8,5.3749995,19.1,8.124999
2022-02-20 18:00:00,300.0,1111.9999,90.0,7.5468745,5.0,69.49999,6.0,13.124999,11.4,5.7031245,19.0,8.374999
2022-02-20 19:00:00,300.0,1471.9999,80.0,7.7187495,7.0,66.74999,6.0,18.874998,10.9,5.5937495,17.9,8.187499
2022-02-20 20:00:00,400.0,1631.9999,75.0,7.5468745,11.0,65.24999,7.0,20.562498,10.1,5.0156245,16.1,7.0624995
2022-02-20 21:00:00,400.0,1591.9999,13.0,7.2968745,61.0,65.99999,7.0,17.187498,10.1,4.7656245,15.8,6.3906245
2022-02-20 22:00:00,400.0,1191.9999,17.0,6.9531245,59.0,68.74999,7.0,7.2812495,9.8,4.1406245,15.1,5.2031245
2022-02-20 23:00:00,500.0,855.99994,14.0,7.9687495,64.0,70.24999,7.0,4.1249995,8.2,3.4921873,11.7,4.1249995
2022-02-21 00:00:00,500.0,641.99994,20.0,8.843749,54.0,71.74999,8.0,3.4921873,8.1,3.5781248,13.8,4.0781245
2022-02-21 01:00:00,400.0,555.99994,24.0,13.906249,39.0,53.749996,7.0,1.3281249,10.8,4.9062495,19.5,6.1406245
2022-02-21 02:00:00,400.0,494.99997,32.0,14.406249,21.0,52.999996,8.0,1.2968749,5.5,4.7812495,9.6,7.2187495
2022-02-21 03:00:00,300.0,460.99997,39.0,15.937499,10.0,51.499996,7.0,1.2851561,6.2,4.1718745,11.3,7.6406245
2022-02-21 04:00:00,200.0,447.99997,38.0,20.937498,8.0,40.124996,9.0,1.3710936,11.4,3.9062498,22.9,8.124999
2022-02-21 05:00:00,300.0,494.99997,48.0,26.749998,2.0,24.374998,6.0,1.8945311,8.9,4.0937495,16.1,8.718749
2022-02-21 06:00:00,300.0,695.99994,56.0,30.874998,2.0,13.062499,5.0,4.2968745,6.8,6.0937495,11.5,9.968749
2022-02-21 07:00:00,500.0,961.99994,65.0,26.062498,3.0,13.968749,7.0,6.6249995,4.2,6.8749995,7.0,9.593749
2022-02-21 08:00:00,700.0,1191.9999,65.0,21.624998,12.0,16.999998,9.0,6.7968745,5.6,6.5468745,11.6,8.656249
2022-02-21 09:00:00,400.0,1363.9999,77.0,20.249998,28.0,22.374998,7.0,6.8593745,8.8,5.8437495,22.5,7.6406245
2022-02-21 10:00:00,500.0,867.99994,65.0,8.749999,66.0,78.74999,8.0,3.9374998,9.0,4.7499995,20.6,6.5156245
2022-02-21 11:00:00,600.0,761.99994,32.0,6.4374995,71.0,90.99999,10.0,3.7031248,9.1,4.0937495,19.8,5.9531245
2022-02-21 12:00:00,400.0,681.99994,36.0,5.8281245,67.0,97.49999,8.0,3.6406248,11.1,3.6171873,23.8,5.9062495
2022-02-21 13:00:00,500.0,330.99997,28.0,4.7656245,81.0,101.74999,8.0,1.3593749,11.2,3.4687498,19.5,6.5312495
2022-02-21 14:00:00,400.0,260.99997,40.0,5.6562495,71.0,98.74999,7.0,0.79882807,13.7,3.6406248,29.1,7.4843745
2022-02-21 15:00:00,300.0,236.99998,37.0,7.3749995,74.0,94.49999,6.0,0.5820312,15.2,3.7109373,33.3,7.6249995
2022-02-21 16:00:00,300.0,250.49998,42.0,15.281249,63.0,80.99999,6.0,0.7167968,15.0,4.2968745,29.9,8.874999
2022-02-21 17:00:00,400.0,267.99997,61.0,22.999998,37.0,65.99999,6.0,0.9257812,15.3,5.7187495,28.6,11.218749
2022-02-21 18:00:00,300.0,287.99997,84.0,25.374998,9.0,57.999996,6.0,1.0898436,16.3,8.156249,30.2,14.593749
2022-02-21 19:00:00,300.0,320.99997,84.0,29.187498,5.0,49.374996,6.0,1.5078124,16.5,10.593749,30.8,17.437498
2022-02-21 20:00:00,300.0,353.99997,74.0,31.562498,5.0,38.999996,7.0,1.8515624,16.7,11.624999,28.6,18.749998
2022-02-21 21:00:00,300.0,377.99997,77.0,30.187498,5.0,30.437498,7.0,1.9999999,16.9,12.874999,29.0,20.499998
2022-02-21 22:00:00,300.0,377.99997,69.0,25.374998,8.0,27.187498,7.0,1.8515624,16.3,11.874999,27.2,19.562498
2022-02-21 23:00:00,400.0,337.99997,41.0,21.437498,28.0,29.374998,7.0,1.2070311,15.9,7.8593745,27.9,15.031249
2022-02-22 00:00:00,300.0,300.99997,38.0,18.874998,26.0,33.999996,7.0,0.79101557,15.5,6.8281245,26.1,13.781249
2022-02-22 01:00:00,200.0,287.99997,41.0,17.312498,13.0,43.374996,6.0,0.64843744,16.7,7.0937495,30.3,14.343749
2022-02-22 02:00:00,200.0,280.99997,21.0,17.187498,40.0,42.624996,7.0,0.61914057,17.4,7.9531245,32.2,15.687499
2022-02-22 03:00:00,200.0,273.99997,12.0,18.562498,61.0,39.749996,7.0,0.5976562,18.0,8.812499,32.4,17.062498
2022-02-22 04:00:00,200.0,273.99997,35.0,21.937498,38.0,33.374996,7.0,0.5976562,18.6,10.093749,33.7,18.874998
2022-02-22 05:00:00,200.0,287.99997,43.0,26.437498,33.0,23.999998,7.0,0.7246093,19.2,13.187499,34.8,22.874998
2022-02-22 06:00:00,200.0,350.99997,60.0,29.499998,11.0,15.406249,6.0,1.4179686,19.2,25.999998,36.2,38.374996
2022-02-22 07:00:00,400.0,420.99997,76.0,27.437498,8.0,16.687498,8.0,2.0937498,19.2,36.999996,36.4,52.749996
2022-02-22 08:00:00,700.0,460.99997,78.0,25.749998,17.0,23.624998,11.0,2.5703123,20.1,35.249996,39.9,53.124996
2022-02-22 09:00:00,700.0,480.99997,30.0,22.999998,61.0,38.624996,9.0,2.8671873,20.8,27.437498,46.3,45.374996
2022-02-22 10:00:00,500.0,440.99997,20.0,7.8906245,76.0,76.74999,8.0,2.4765623,16.8,15.312499,33.9,30.187498
2022-02-22 11:00:00,500.0,410.99997,15.0,5.5781245,86.0,84.49999,7.0,2.2968748,13.5,11.062499,25.3,23.624998
2022-02-22 12:00:00,400.0,390.99997,18.0,4.5937495,89.0,90.99999,6.0,2.2109373,8.5,8.374999,14.6,17.687498
2022-02-22 13:00:00,400.0,323.99997,17.0,3.7734373,93.0,91.74999,7.0,1.5234374,7.2,6.0937495,14.1,10.406249
2022-02-22 14:00:00,400.0,290.99997,18.0,3.8203123,88.0,90.24999,5.0,1.1640624,7.3,5.9374995,15.5,8.281249
2022-02-22 15:00:00,400.0,267.99997,20.0,4.0781245,83.0,87.99999,6.0,0.8730468,7.9,6.1562495,17.5,7.8281245
2022-02-22 16:00:00,400.0,307.99997,32.0,11.156249,71.0,76.74999,7.0,1.4609374,7.3,6.3593745,14.1,7.8906245
2022-02-22 17:00:00,400.0,407.99997,28.0,16.812498,67.0,63.749996,7.0,2.8671873,7.1,6.3124995,12.5,7.7656245
2022-02-22 18:00:00,500.0,515.99994,34.0,18.187498,54.0,54.374996,6.0,4.2343745,7.1,7.3124995,11.8,8.874999
2022-02-22 19:00:00,600.0,567.99994,56.0,20.937498,28.0,46.499996,7.0,4.7812495,6.9,9.531249,10.8,11.562499
2022-02-22 20:00:00,500.0,507.99997,37.0,21.437498,46.0,45.499996,7.0,3.9374998,6.7,12.749999,11.2,15.593749
2022-02-22 21:00:00,500.0,427.99997,45.0,19.937498,34.0,49.374996,7.0,2.8671873,5.8,16.812498,9.4,21.062498
2022-02-22 22:00:00,400.0,353.99997,26.0,22.999998,55.0,39.374996,7.0,1.8789061,5.5,18.437498,8.2,24.312498
2022-02-22 23:00:00,500.0,297.99997,31.0,29.499998,38.0,23.624998,7.0,1.0898436,6.4,15.406249,9.3,21.937498
2022-02-23 00:00:00,300.0,273.99997,22.0,35.749996,50.0,13.781249,7.0,0.7167968,6.2,14.374999,9.6,21.062498
2022-02-23 01:00:00,300.0,277.99997,12.0,10.812499,63.0,51.499996,7.0,0.7617187,7.3,22.562498,10.9,28.874998
2022-02-23 02:00:00,300.0,277.99997,11.0,10.312499,60.0,47.999996,8.0,0.67968744,7.5,31.687498,12.7,39.374996
2022-02-23 03:00:00,300.0,273.99997,11.0,9.281249,60.0,49.374996,8.0,0.61132807,8.5,41.999996,13.5,50.999996
2022-02-23 04:00:00,300.0,273.99997,20.0,6.3437495,50.0,59.374996,9.0,0.5742187,9.4,57.249996,16.0,66.99999
2022-02-23 05:00:00,300.0,287.99997,19.0,5.9999995,54.0,61.624996,7.0,0.67187494,9.8,88.99999,15.9,99.99999
2022-02-23 06:00:00,200.0,347.99997,17.0,5.7499995,60.0,62.249996,7.0,1.2851561,10.0,187.99998,16.3,203.49998
2022-02-23 07:00:00,300.0,410.99997,16.0,5.6562495,61.0,62.249996,7.0,1.8632811,11.3,337.99997,19.7,358.99997
2022-02-23 08:00:00,400.0,460.99997,11.0,5.1093745,63.0,61.624996,7.0,2.3906248,12.9,467.99997,25.4,492.99997
2022-02-23 09:00:00,400.0,494.99997,9.0,4.4218745,66.0,60.874996,8.0,2.7734373,18.4,505.99997,35.0,531.99994
2022-02-23 10:00:00,400.0,440.99997,8.0,3.8593748,66.0,61.624996,8.0,2.3906248,21.6,208.49998,46.3,224.99998
2022-02-23 11:00:00,400.0,420.99997,8.0,3.6874998,65.0,62.249996,8.0,2.3281248,15.0,90.49999,27.8,105.49999
2022-02-23 12:00:00,400.0,410.99997,7.0,3.6874998,63.0,63.749996,7.0,2.3281248,9.8,40.999996,17.3,54.624996
2022-02-23 13:00:00,,303.99997,6.0,4.1562495,65.0,62.249996,,1.2382811,9.5,11.593749,20.0,19.124998
2022-02-23 14:00:00,400.0,280.99997,7.0,4.4999995,63.0,62.249996,6.0,1.0585936,7.9,7.5781245,23.4,12.312499
2022-02-23 15:00:00,400.0,270.99997,8.0,4.7656245,60.0,64.49999,7.0,0.98437494,6.7,6.7031245,16.9,10.593749
2022-02-23 16:00:00,400.0,363.99997,12.0,4.8124995,58.0,66.74999,6.0,2.2656248,7.0,18.687498,21.3,24.187498
2022-02-23 17:00:00,300.0,541.99994,11.0,4.4218745,61.0,68.74999,7.0,4.5937495,7.4,42.624996,15.3,52.124996
2022-02-23 18:00:00,300.0,741.99994,11.0,4.0312495,67.0,70.24999,6.0,7.0468745,7.5,75.24999,14.2,89.49999
2022-02-23 19:00:00,600.0,907.99994,11.0,3.8203123,70.0,70.99999,8.0,9.062499,9.5,109.24999,14.9,127.99999
2022-02-23 20:00:00,800.0,1001.99994,11.0,3.6874998,70.0,70.99999,10.0,9.437499,10.8,112.74999,15.9,132.99998
2022-02-23 21:00:00,900.0,1043.9999,10.0,3.6484373,74.0,70.24999,12.0,8.468749,13.0,95.99999,20.2,114.99999
2022-02-23 22:00:00,600.0,947.99994,7.0,3.7343748,73.0,68.74999,9.0,6.2656245,10.5,66.74999,15.2,82.49999
2022-02-23 23:00:00,700.0,747.99994,8.0,3.9062498,72.0,66.74999,9.0,3.7578123,10.2,38.374996,15.4,49.499996
2022-02-24 00:00:00,500.0,567.99994,4.0,4.0781245,75.0,65.24999,8.0,2.2968748,9.6,21.312498,14.1,28.499998
2022-02-24 01:00:00,500.0,423.99997,4.0,3.4296873,76.0,67.24999,8.0,1.8515624,10.7,13.781249,15.4,19.624998
2022-02-24 02:00:00,300.0,427.99997,3.0,3.2578123,80.0,68.74999,10.0,1.8515624,9.3,11.187499,13.6,15.374999
2022-02-24 03:00:00,300.0,447.99997,3.0,3.2578123,85.0,69.49999,8.0,1.8632811,9.0,10.562499,12.8,14.312499
2022-02-24 04:00:00,300.0,467.99997,4.0,3.3437498,83.0,69.49999,9.0,2.0312498,8.9,9.499999,13.4,13.031249
2022-02-24 05:00:00,300.0,507.99997,6.0,3.6015623,80.0,69.49999,8.0,2.1796873,8.3,10.562499,12.8,14.718749
2022-02-24 06:00:00,300.0,695.99994,17.0,3.8593748,72.0,67.99999,8.0,3.5781248,7.6,14.937499,11.7,20.374998
2022-02-24 07:00:00,300.0,781.99994,12.0,3.9062498,76.0,69.49999,10.0,4.2343745,7.8,16.624998,13.0,23.187498
2022-02-24 08:00:00,500.0,867.99994,7.0,3.6015623,86.0,71.74999,10.0,5.1874995,8.0,14.124999,14.8,20.812498
2022-02-24 09:00:00,500.0,935.99994,6.0,3.1328123,88.0,72.99999,11.0,6.2031245,8.8,11.312499,21.8,18.124998
2022-02-24 10:00:00,700.0,895.99994,6.0,2.5937498,89.0,75.24999,12.0,6.0937495,10.2,8.374999,26.1,14.656249
2022-02-24 11:00:00,700.0,815.99994,8.0,2.2734373,85.0,79.49999,12.0,5.5468745,14.4,6.4531245,41.0,11.437499
2022-02-24 12:00:00,500.0,735.99994,8.0,2.0781248,86.0,83.74999,10.0,5.0156245,9.0,5.0937495,20.9,8.343749
2022-02-24 13:00:00,400.0,360.99997,10.0,1.8867186,87.0,88.74999,8.0,1.8515624,5.8,4.3124995,13.5,6.0781245
2022-02-24 14:00:00,400.0,313.99997,11.0,1.8671874,85.0,90.99999,8.0,1.6249999,4.7,4.8593745,14.1,5.9999995
2022-02-24 15:00:00,400.0,307.99997,11.0,1.9921874,78.0,90.24999,7.0,1.6249999,3.2,5.5781245,10.6,6.5781245
2022-02-24 16:00:00,500.0,535.99994,10.0,2.3359373,76.0,85.99999,7.0,4.5937495,4.2,7.5156245,11.7,9.062499
2022-02-24 17:00:00,400.0,935.99994,16.0,2.6406248,66.0,82.99999,7.0,8.968749,5.4,10.874999,11.6,13.531249
2022-02-24 18:00:00,500.0,1363.9999,19.0,2.7890623,67.0,80.99999,7.0,12.874999,5.7,15.999999,12.0,19.874998
2022-02-24 19:00:00,500.0,1815.9999,16.0,4.5468745,69.0,75.99999,8.0,15.999999,5.8,21.249998,13.2,26.249998
2022-02-24 20:00:00,600.0,2167.9998,17.0,5.7499995,68.0,70.99999,9.0,16.749998,6.5,22.312498,13.3,27.999998
2022-02-24 21:00:00,700.0,2087.9998,15.0,6.4374995,70.0,67.24999,10.0,14.312499,6.7,21.562498,12.3,27.562498
2022-02-24 22:00:00,400.0,1135.9999,15.0,7.4687495,70.0,62.999996,8.0,7.3437495,6.5,16.374998,11.6,22.249998
2022-02-24 23:00:00,300.0,547.99994,25.0,7.9687495,55.0,60.124996,7.0,2.8046873,6.3,8.374999,13.4,13.124999
2022-02-25 00:00:00,200.0,307.99997,17.0,8.062499,68.0,57.999996,7.0,1.0156249,6.2,5.7499995,13.2,9.687499
2022-02-25 01:00:00,200.0,236.99998,4.0,6.6874995,84.0,61.624996,7.0,0.4628906,6.1,4.8749995,13.3,8.874999
2022-02-25 02:00:00,200.0,233.99998,7.0,7.1249995,81.0,58.749996,7.0,0.41406247,5.9,4.7499995,12.8,8.499999
2022-02-25 03:00:00,200.0,236.99998,11.0,7.6406245,69.0,56.624996,7.0,0.36523435,5.5,4.7343745,11.1,8.062499
2022-02-25 04:00:00,200.0,236.99998,14.0,8.406249,63.0,53.749996,7.0,0.32812497,5.3,4.8749995,11.4,7.8593745
2022-02-25 05:00:00,200.0,240.49998,24.0,9.624999,51.0,51.499996,7.0,0.33984372,5.2,6.0624995,10.8,9.124999
2022-02-25 06:00:00,200.0,257.99997,42.0,10.812499,40.0,50.874996,7.0,0.5605468,5.0,12.343749,10.8,16.437498
2022-02-25 07:00:00,200.0,270.99997,30.0,11.156249,59.0,54.374996,7.0,0.7246093,5.3,17.062498,12.0,22.187498
2022-02-25 08:00:00,300.0,277.99997,10.0,10.812499,76.0,57.249996,7.0,0.80468744,6.1,17.499998,15.8,23.124998
2022-02-25 09:00:00,300.0,280.99997,11.0,9.687499,80.0,61.624996,7.0,0.8652343,7.8,15.843749,22.6,21.624998
2022-02-25 10:00:00,300.0,270.99997,8.0,3.7734373,87.0,80.99999,6.0,0.78320307,8.3,11.749999,20.4,16.937498
2022-02-25 11:00:00,300.0,257.99997,7.0,3.2578123,91.0,86.74999,6.0,0.66406244,8.0,9.218749,20.0,13.812499
2022-02-25 12:00:00,400.0,247.49998,9.0,3.3906248,92.0,90.99999,6.0,0.5527343,9.0,7.4062495,19.6,11.374999
2022-02-25 13:00:00,400.0,236.99998,7.0,3.5624998,98.0,94.49999,6.0,0.45898435,8.0,5.4687495,17.2,8.374999
2022-02-25 14:00:00,400.0,233.99998,15.0,4.6718745,100.0,94.49999,7.0,0.41796872,8.4,5.4687495,19.1,7.8906245
2022-02-25 15:00:00,400.0,230.49998,23.0,6.6874995,88.0,94.49999,7.0,0.3691406,7.2,6.0156245,18.4,8.312499
