time,SO2,NO2,O3,PM10,PM2.5,CO,CO_model,NO2_model,SO2_model,O3_model,PM10_model,PM2.5_model
2022-01-27 01:00:00,0.1,6.1,47.2,1.5,1.0,240,267.0,2.734375,0.5800781,45.75,1.984375,1.3828125
2022-01-27 02:00:00,0.1,5.4,45.5,1.0,1.0,260,267.0,2.671875,0.5644531,43.875,2.1484375,1.4375
2022-01-27 03:00:00,0.0,4.7,44.5,1.0,1.0,200,263.0,2.6328125,0.5878906,42.5,2.5859375,1.6953125
2022-01-27 04:00:00,0.1,4.1,43.4,1.0,0.0,180,263.0,2.9921875,0.7363281,41.75,3.65625,2.40625
2022-01-27 05:00:00,0.1,4.0,42.9,1.0,-1.0,180,283.0,4.140625,1.0546875,41.125,6.078125,3.9453125
2022-01-27 06:00:00,0.0,6.9,40.1,1.0,-1.0,170,297.0,5.390625,1.265625,40.0,7.859375,5.03125
2022-01-27 07:00:00,0.1,10.0,38.3,1.0,-1.0,180,293.0,5.5625,1.2929688,40.0,8.25,5.1875
2022-01-27 08:00:00,0.2,24.4,29.1,1.0,-1.0,210,283.0,4.65625,1.1171875,41.75,7.125,4.359375
2022-01-27 09:00:00,0.4,39.6,18.9,1.0,-1.0,250,270.0,3.765625,0.9003906,44.25,5.390625,3.296875
2022-01-27 10:00:00,0.4,33.2,24.2,3.0,0.0,200,263.0,3.25,0.87890625,49.25,4.140625,2.671875
2022-01-27 11:00:00,0.3,29.7,35.4,5.0,1.0,250,270.0,3.46875,0.9980469,54.25,3.53125,2.1015625
2022-01-27 12:00:00,0.2,28.6,41.5,5.0,1.0,250,280.0,3.765625,1.1015625,56.5,3.4140625,1.7539062
2022-01-27 13:00:00,0.2,20.5,51.4,7.0,2.0,190,283.0,4.1875,1.21875,57.125,3.390625,1.734375
2022-01-27 14:00:00,0.2,21.8,50.0,9.0,3.0,180,287.0,4.53125,1.2929688,56.5,3.328125,1.8085938
2022-01-27 15:00:00,0.0,19.0,50.7,9.0,3.0,160,287.0,4.796875,1.28125,56.5,3.4609375,2.0859375
2022-01-27 16:00:00,0.0,15.3,53.1,7.5,2.5,170,287.0,5.34375,1.3085938,55.75,3.6796875,2.3828125
2022-01-27 17:00:00,0.0,15.6,52.2,6.0,2.0,190,303.0,6.5,1.4726562,54.25,4.71875,3.234375
2022-01-27 18:00:00,0.0,12.9,53.1,6.0,2.0,190,313.0,7.453125,1.6367188,51.375,5.390625,3.734375
2022-01-27 19:00:00,0.0,15.7,49.0,4.0,1.0,200,310.0,6.671875,1.7695312,50.75,5.171875,3.390625
2022-01-27 20:00:00,0.1,19.1,44.2,2.0,0.0,220,313.0,6.5,2.0546875,50.0,5.4375,3.59375
2022-01-27 21:00:00,0.1,18.4,43.0,2.0,0.0,230,313.0,7.015625,2.3203125,47.875,5.25,3.5859375
2022-01-27 22:00:00,0.0,17.3,41.9,1.0,0.0,220,297.0,7.28125,2.46875,45.75,3.796875,2.7109375
2022-01-27 23:00:00,0.0,12.0,43.4,0.0,0.0,210,290.0,7.796875,2.9140625,43.875,3.0625,2.3359375
2022-01-28 00:00:00,0.0,9.9,43.6,0.0,0.0,210,287.0,7.359375,3.0390625,43.625,2.8984375,2.3125
2022-01-28 01:00:00,0.1,14.9,36.8,0.0,0.5,230,293.0,8.125,3.0390625,39.25,3.0625,2.546875
2022-01-28 02:00:00,0.0,18.0,30.9,0.0,1.0,220,283.0,6.15625,2.3203125,42.5,2.3671875,1.9882812
2022-01-28 03:00:00,0.1,8.4,41.6,0.0,1.0,200,273.0,5.5625,1.9648438,44.625,1.8984375,1.578125
2022-01-28 04:00:00,0.0,6.3,47.3,0.0,0.5,170,273.0,7.015625,2.0234375,44.625,2.1484375,1.7695312
2022-01-28 05:00:00,0.4,20.8,36.8,0.0,0.0,180,293.0,10.09375,2.5625,40.0,3.4140625,2.75
2022-01-28 06:00:00,0.4,21.8,32.1,0.0,0.0,200,307.0,13.0,3.390625,35.375,4.421875,3.5625
2022-01-28 07:00:00,0.1,10.3,40.4,-0.5,-0.5,200,320.0,14.21875,3.8125,30.75,5.453125,4.484375
2022-01-28 08:00:00,0.2,19.7,32.2,-1.0,-1.0,220,323.0,13.1875,3.2734375,26.4375,5.34375,4.265625
2022-01-28 09:00:00,0.6,27.5,18.9,-1.0,-1.0,220,310.0,10.1875,2.2578125,26.0625,3.9140625,2.953125
2022-01-28 10:00:00,1.1,31.7,14.6,0.0,-0.5,230,293.0,5.734375,1.4726562,32.5,2.2578125,1.4765625
2022-01-28 11:00:00,1.3,36.4,14.0,1.0,0.0,230,277.0,2.8203125,1.0273438,45.0,1.3632812,0.7480469
2022-01-28 12:00:00,1.2,40.1,15.6,1.0,0.0,240,273.0,2.90625,1.1757812,48.625,1.4609375,0.95703125
2022-01-28 13:00:00,0.9,35.3,15.2,2.5,0.5,240,270.0,3.25,1.4570312,57.125,1.1601562,0.71875
2022-01-28 14:00:00,0.6,31.0,21.6,4.0,1.0,260,263.0,3.125,1.4570312,67.75,0.91796875,0.5
2022-01-28 15:00:00,0.3,25.7,39.2,4.0,1.0,230,260.0,3.0390625,1.4296875,71.5,0.9394531,0.5
2022-01-28 16:00:00,0.6,38.2,39.2,4.5,1.0,260,270.0,3.125,1.53125,62.125,1.1054688,0.6152344
2022-01-28 17:00:00,0.4,28.3,50.5,5.0,1.0,240,277.0,3.3359375,1.578125,55.0,1.2304688,0.6699219
2022-01-28 18:00:00,0.5,31.7,44.9,5.0,1.0,260,273.0,3.296875,1.546875,55.75,1.1835938,0.61328125
2022-01-28 19:00:00,0.4,26.4,47.6,4.5,0.5,250,270.0,3.078125,1.53125,61.5,1.078125,0.5449219
2022-01-28 20:00:00,0.3,20.8,51.8,4.0,0.0,230,270.0,3.3828125,1.7851562,65.75,1.0976562,0.55859375
2022-01-28 21:00:00,0.2,19.3,57.5,4.0,0.0,220,270.0,3.3828125,1.8164062,66.5,0.9609375,0.5
2022-01-28 22:00:00,0.1,12.4,64.3,3.5,-0.5,210,267.0,3.0390625,1.578125,67.0,0.8652344,0.5
2022-01-28 23:00:00,0.2,11.4,65.8,3.0,-1.0,210,267.0,2.734375,1.4140625,67.75,0.8828125,0.5
2022-01-29 00:00:00,0.1,8.9,67.7,3.0,-1.0,210,270.0,2.8203125,1.5625,69.25,0.97265625,0.5136719
2022-01-29 01:00:00,0.1,5.1,70.9,1.5,-0.5,210,280.0,3.421875,1.7578125,62.125,1.7070312,0.9746094
2022-01-29 02:00:00,0.1,3.1,70.8,0.0,0.0,210,290.0,4.140625,1.9960938,59.25,2.9140625,1.6953125
2022-01-29 03:00:00,0.2,4.9,68.5,0.0,0.0,220,303.0,5.21875,2.3828125,55.0,4.359375,2.5703125
2022-01-29 04:00:00,0.2,5.5,68.7,-0.5,0.0,210,323.0,6.765625,2.9140625,50.75,6.484375,3.84375
2022-01-29 05:00:00,0.2,15.4,53.7,-1.0,0.0,240,367.0,8.28125,3.390625,46.375,11.03125,6.515625
2022-01-29 06:00:00,0.1,15.1,53.8,-1.0,0.0,220,373.0,7.625,2.9453125,47.875,12.03125,6.84375
2022-01-29 07:00:00,0.1,11.0,59.1,-0.5,0.0,200,320.0,4.1875,1.8476562,59.25,7.296875,3.6875
2022-01-29 08:00:00,0.2,11.3,58.2,0.0,0.0,210,303.0,3.1640625,1.4453125,62.125,6.046875,2.6796875
2022-01-29 09:00:00,0.2,24.1,52.0,0.0,0.0,200,283.0,2.3515625,1.1757812,65.0,4.125,1.65625
2022-01-29 10:00:00,0.2,15.7,59.7,0.5,0.0,200,263.0,1.5625,0.8847656,71.5,1.90625,0.7324219
2022-01-29 11:00:00,0.1,12.3,64.3,1.0,0.0,200,260.0,1.625,0.84765625,72.0,1.4375,0.546875
2022-01-29 12:00:00,0.1,11.9,66.0,1.0,0.0,190,257.0,1.6484375,0.7597656,72.0,1.265625,0.5
2022-01-29 13:00:00,0.1,10.1,69.1,1.5,-0.5,160,253.5,1.6679688,0.6015625,71.5,0.99609375,0.5
2022-01-29 14:00:00,0.1,11.4,67.9,2.0,-1.0,150,250.0,1.9257812,0.5957031,70.0,0.87890625,0.5
2022-01-29 15:00:00,0.0,10.5,69.0,2.0,-1.0,150,253.5,2.4375,0.6171875,68.5,0.90625,0.5800781
2022-01-29 16:00:00,0.0,7.4,70.5,2.5,-0.5,140,253.5,2.5234375,0.49121094,66.5,0.9375,0.64453125
2022-01-29 17:00:00,0.1,4.9,71.2,3.0,0.0,140,257.0,2.4375,0.37597656,63.625,0.9316406,0.6191406
2022-01-29 18:00:00,0.1,4.6,69.2,3.0,0.0,140,260.0,4.53125,0.37597656,61.5,0.9472656,0.6308594
2022-01-29 19:00:00,0.0,4.0,68.9,2.5,0.0,150,260.0,4.921875,0.3310547,60.75,0.9921875,0.6953125
2022-01-29 20:00:00,-0.1,2.5,70.6,2.0,0.0,140,260.0,3.5546875,0.32714844,60.0,1.1875,0.8828125
2022-01-29 21:00:00,0.0,1.3,71.7,2.0,0.0,150,267.0,3.9375,0.33496094,55.0,1.1796875,0.9199219
2022-01-29 22:00:00,-0.1,1.0,70.6,0.5,-1.0,150,273.0,4.703125,0.33496094,47.875,1.0273438,0.859375
2022-01-29 23:00:00,0.0,1.1,68.6,-1.0,-2.0,160,277.0,5.34375,0.34960938,42.125,0.8925781,0.7285156
2022-01-30 00:00:00,-0.1,0.8,65.8,-1.0,-2.0,170,267.0,4.53125,0.37597656,43.25,0.7246094,0.5683594
2022-01-30 01:00:00,-0.1,1.3,61.9,-1.5,-2.0,180,280.0,5.984375,0.4765625,36.75,0.8574219,0.6796875
2022-01-30 02:00:00,-0.1,0.8,56.8,-2.0,-2.0,190,273.0,5.8125,0.55859375,36.0,0.84765625,0.6191406
2022-01-30 03:00:00,-0.1,1.0,52.0,-2.0,-2.0,190,267.0,5.5625,0.6542969,37.5,0.8847656,0.6074219
2022-01-30 04:00:00,0.0,1.4,47.1,-1.5,-2.0,180,267.0,5.390625,0.8339844,40.0,1.1445312,0.6972656
2022-01-30 05:00:00,-0.1,1.1,45.6,-1.0,-2.0,180,277.0,5.90625,1.1914062,40.75,2.390625,1.3945312
2022-01-30 06:00:00,0.0,1.9,45.8,0.0,0.0,170,290.0,6.671875,1.6054688,40.75,3.78125,2.234375
2022-01-30 07:00:00,0.0,3.0,46.0,0.0,0.0,170,300.0,7.28125,1.9648438,39.25,4.359375,2.78125
2022-01-30 08:00:00,0.0,6.1,42.6,0.0,0.0,200,310.0,7.796875,2.3828125,37.875,4.90625,3.28125
2022-01-30 09:00:00,0.1,6.3,41.1,0.0,0.0,210,317.0,8.46875,2.828125,36.0,5.171875,3.5625
2022-01-30 10:00:00,0.1,9.4,38.4,0.5,0.5,220,320.0,8.90625,3.125,34.625,5.03125,3.546875
2022-01-30 11:00:00,0.2,15.5,33.7,1.0,1.0,240,323.0,9.40625,3.3046875,33.5,4.859375,3.53125
2022-01-30 12:00:00,0.2,22.4,26.8,1.0,1.0,280,327.0,9.75,3.453125,32.875,4.78125,3.5703125
2022-01-30 13:00:00,0.2,18.9,35.0,2.0,1.0,270,327.0,9.65625,3.3671875,33.25,4.328125,3.328125
2022-01-30 14:00:00,0.3,14.6,42.8,3.0,1.0,260,323.0,8.96875,2.9453125,35.75,3.5625,2.828125
2022-01-30 15:00:00,0.5,13.4,50.2,3.0,1.0,250,310.0,7.875,2.6484375,41.75,2.7734375,2.265625
2022-01-30 16:00:00,0.2,13.7,53.1,3.5,1.5,240,290.0,6.328125,2.5859375,48.625,2.140625,1.7304688
2022-01-30 17:00:00,0.3,18.8,50.6,4.0,2.0,210,283.0,5.640625,2.890625,52.875,2.1015625,1.6445312
2022-01-30 18:00:00,0.4,22.0,46.3,4.0,2.0,210,283.0,7.625,3.2109375,52.875,2.1875,1.71875
2022-01-30 19:00:00,0.9,35.3,32.4,4.0,2.0,220,290.0,11.125,4.765625,50.0,2.4375,2.015625
2022-01-30 20:00:00,0.6,24.5,42.3,4.0,2.0,210,297.0,12.3125,6.609375,48.625,2.828125,2.4140625
2022-01-30 21:00:00,0.5,17.0,49.0,4.0,2.0,200,290.0,10.4375,6.484375,50.0,2.5078125,2.15625
2022-01-30 22:00:00,0.7,24.9,41.0,3.5,1.5,190,280.0,7.875,5.421875,53.625,1.7734375,1.5546875
2022-01-30 23:00:00,1.0,32.5,34.7,3.0,1.0,190,277.0,6.5,4.8125,55.75,1.6210938,1.3789062
2022-01-31 00:00:00,0.6,22.6,42.2,3.0,1.0,190,273.0,5.640625,4.40625,56.5,1.4453125,1.2109375
2022-01-31 01:00:00,0.5,17.2,45.8,2.5,1.0,190,270.0,4.65625,2.171875,59.25,0.9609375,0.6503906
2022-01-31 02:00:00,0.7,20.7,40.8,2.0,1.0,190,270.0,4.453125,2.0859375,57.875,0.9785156,0.6328125
2022-01-31 03:00:00,1.0,23.9,36.5,2.0,1.0,190,270.0,4.484375,2.109375,57.125,1.0234375,0.6503906
2022-01-31 04:00:00,1.0,18.7,42.2,2.0,1.0,190,273.0,4.875,2.2578125,55.75,1.2109375,0.78515625
2022-01-31 05:00:00,1.0,17.6,43.3,2.0,1.0,200,287.0,5.640625,2.5859375,52.875,1.9101562,1.2617188
2022-01-31 06:00:00,1.7,38.2,23.4,2.0,1.0,200,297.0,6.59375,2.890625,50.0,2.4296875,1.6328125
2022-01-31 07:00:00,1.4,33.8,27.9,2.5,1.0,200,310.0,8.125,3.515625,45.75,3.171875,2.2109375
2022-01-31 08:00:00,1.3,26.8,34.8,3.0,1.0,200,327.0,9.75,4.28125,41.375,4.140625,2.9609375
2022-01-31 09:00:00,1.3,30.2,32.1,3.0,1.0,210,337.0,10.59375,4.703125,37.875,4.359375,3.1171875
2022-01-31 10:00:00,1.4,35.0,26.3,3.5,1.5,210,337.0,11.625,5.125,34.625,4.0,2.8671875
2022-01-31 11:00:00,1.0,32.2,28.4,4.0,2.0,210,343.0,14.03125,5.890625,30.75,3.828125,2.7734375
2022-01-31 12:00:00,0.9,27.8,31.2,4.0,2.0,230,350.0,17.4375,6.84375,26.0625,4.140625,3.0546875
2022-01-31 13:00:00,1.0,31.4,27.9,4.5,2.5,250,357.0,19.6875,7.5625,22.5,4.3125,3.21875
2022-01-31 14:00:00,1.2,37.2,20.9,5.0,3.0,260,363.0,21.75,8.21875,19.125,4.46875,3.34375
2022-01-31 15:00:00,1.4,39.1,16.5,5.0,3.0,260,370.0,22.25,8.5625,16.625,4.53125,3.3984375
2022-01-31 16:00:00,1.2,33.9,18.1,6.0,4.0,270,370.0,21.0625,8.34375,16.25,4.390625,3.265625
2022-01-31 17:00:00,1.1,28.9,19.5,7.0,5.0,300,373.0,19.3125,7.984375,16.9375,4.515625,3.328125
2022-01-31 18:00:00,1.3,30.4,15.7,7.0,5.0,320,373.0,17.8125,7.734375,17.5,4.6875,3.4140625
2022-01-31 19:00:00,1.4,28.9,16.6,8.5,6.5,320,373.0,16.5625,7.328125,17.5,4.46875,3.2578125
2022-01-31 20:00:00,1.4,26.2,17.5,10.0,8.0,320,373.0,15.90625,7.078125,16.4375,4.390625,3.1875
2022-01-31 21:00:00,1.2,21.1,20.8,10.0,8.0,300,370.0,15.75,6.96875,15.1875,3.8828125,2.8515625
2022-01-31 22:00:00,1.1,20.0,22.0,11.0,8.5,280,357.0,15.0625,6.84375,15.0,2.84375,2.1484375
2022-01-31 23:00:00,1.2,18.1,23.9,12.0,9.0,280,350.0,13.875,6.734375,16.25,2.6171875,1.9960938
2022-02-01 00:00:00,1.4,18.9,24.0,12.0,9.0,290,343.0,11.96875,6.375,18.375,2.4765625,1.8984375
2022-02-01 01:00:00,1.2,23.9,20.8,12.0,9.0,300,340.0,11.125,5.65625,23.5625,3.1015625,2.21875
2022-02-01 02:00:00,0.7,11.6,32.4,12.0,9.0,280,333.0,10.78125,5.53125,24.625,3.0078125,2.1328125
2022-02-01 03:00:00,1.3,26.7,24.1,12.0,9.0,290,330.0,10.53125,5.46875,25.6875,2.9765625,2.0625
2022-02-01 04:00:00,2.0,34.9,13.7,12.0,9.0,280,330.0,10.6875,5.46875,25.6875,3.3046875,2.21875
2022-02-01 05:00:00,1.7,23.9,23.1,12.0,9.0,270,350.0,11.625,5.890625,24.625,5.09375,3.359375
2022-02-01 06:00:00,1.5,26.6,18.2,12.0,9.0,270,367.0,13.34375,6.375,22.875,6.640625,4.453125
2022-02-01 07:00:00,1.1,22.9,22.1,11.0,8.5,270,380.0,14.71875,6.90625,21.625,7.65625,5.203125
2022-02-01 08:00:00,1.1,27.8,19.8,10.0,8.0,290,377.0,14.5625,7.078125,21.9375,7.484375,5.09375
2022-02-01 09:00:00,1.1,32.6,18.2,10.0,8.0,290,367.0,13.6875,6.96875,23.5625,6.625,4.53125
2022-02-01 10:00:00,1.2,38.8,13.8,10.0,8.0,310,357.0,12.15625,6.484375,25.6875,5.5625,3.7734375
2022-02-01 11:00:00,1.4,34.4,18.4,10.0,8.0,310,353.0,10.9375,5.890625,27.125,5.140625,3.40625
2022-02-01 12:00:00,1.2,32.1,20.3,10.0,8.0,340,347.0,9.59375,5.0625,28.5625,4.6875,3.0234375
2022-02-01 13:00:00,1.3,34.0,17.0,10.5,8.0,350,340.0,8.5625,4.21875,28.9375,4.4375,2.7578125
2022-02-01 14:00:00,1.9,34.1,17.9,11.0,8.0,360,343.0,9.59375,4.21875,27.5,4.875,3.0390625
2022-02-01 15:00:00,1.6,29.3,21.9,11.0,8.0,300,350.0,12.5,4.703125,25.0,5.515625,3.5078125
2022-02-01 16:00:00,1.1,29.5,22.0,11.0,8.0,330,367.0,14.90625,5.0625,22.6875,7.109375,4.546875
2022-02-01 17:00:00,0.9,30.7,18.9,11.0,8.0,310,390.0,15.0625,4.875,21.8125,9.6875,6.125
2022-02-01 18:00:00,0.7,30.0,19.7,11.0,8.0,400,407.0,13.0,4.28125,22.6875,11.78125,7.359375
2022-02-01 19:00:00,0.8,32.1,19.5,11.5,8.5,370,447.0,12.3125,4.171875,22.125,16.5,10.15625
2022-02-01 20:00:00,0.5,28.3,21.0,12.0,9.0,370,500.0,13.0,4.46875,19.625,23.0625,14.09375
2022-02-01 21:00:00,0.6,28.3,21.0,12.0,9.0,420,500.0,13.0,4.171875,18.0,23.6875,14.3125
2022-02-01 22:00:00,0.7,28.4,20.7,14.6,11.0,410,447.0,11.96875,3.1875,17.875,18.125,10.46875
2022-02-01 23:00:00,0.6,24.4,26.0,17.1,13.0,380,420.0,10.875,2.796875,17.5,15.3125,8.6875
2022-02-02 00:00:00,0.7,29.2,24.0,17.1,13.0,350,423.0,10.1875,2.828125,16.625,15.375,8.84375
2022-02-02 01:00:00,0.8,28.5,20.5,15.6,12.5,330,423.0,10.1875,3.78125,17.125,13.6875,9.03125
2022-02-02 02:00:00,0.5,14.7,32.3,14.1,12.0,280,420.0,9.15625,3.6640625,17.875,13.09375,8.71875
2022-02-02 03:00:00,0.4,9.5,38.6,14.1,12.0,260,417.0,8.5625,3.5703125,18.5625,12.75,8.5625
2022-02-02 04:00:00,0.4,11.4,38.7,12.6,10.5,260,433.0,9.15625,3.9921875,18.75,14.5625,9.78125
2022-02-02 05:00:00,0.5,16.9,35.5,11.0,9.0,250,520.0,12.5,5.421875,15.53125,23.625,15.75
2022-02-02 06:00:00,0.4,16.0,34.1,11.0,9.0,250,600.0,16.9375,6.546875,9.90625,32.375,21.4375
2022-02-02 07:00:00,0.5,25.2,25.1,9.5,7.5,270,646.0,19.6875,6.96875,5.484375,37.375,24.9375
2022-02-02 08:00:00,0.5,35.0,20.4,8.0,6.0,280,686.0,20.875,7.390625,3.8828125,42.25,28.5
2022-02-02 09:00:00,1.1,56.1,4.3,8.0,6.0,370,694.0,19.6875,7.5,6.515625,42.25,28.8125
2022-02-02 10:00:00,1.1,48.0,10.0,9.5,7.0,330,654.0,19.5,7.265625,8.5625,37.5,26.0
2022-02-02 11:00:00,1.1,50.0,10.6,11.0,8.0,350,680.0,20.875,7.984375,8.375,39.125,27.3125
2022-02-02 12:00:00,1.2,50.7,14.6,11.0,8.0,450,780.0,23.9375,9.75,6.34375,48.0,33.625
2022-02-02 13:00:00,0.9,37.0,24.5,15.1,10.5,280,826.0,26.6875,11.0625,4.546875,51.0,36.125
2022-02-02 14:00:00,1.2,48.5,15.8,19.1,13.0,380,794.0,29.4375,10.59375,2.2109375,48.375,33.75
2022-02-02 15:00:00,0.8,37.6,24.0,19.1,13.0,340,754.0,31.8125,9.875,0.5625,43.5,29.9375
2022-02-02 16:00:00,0.8,40.3,24.0,18.6,12.5,310,726.0,33.5,10.125,0.28710938,40.625,27.375
2022-02-02 17:00:00,0.9,60.5,10.1,18.1,12.0,370,714.0,34.875,10.9375,0.4296875,40.125,26.375
2022-02-02 18:00:00,0.9,61.0,8.7,18.1,12.0,300,680.0,34.5,10.9375,1.171875,38.25,24.6875
2022-02-02 19:00:00,0.8,52.4,14.8,16.6,12.0,340,626.0,31.8125,10.25,3.171875,35.0,22.375
2022-02-02 20:00:00,0.7,40.5,24.4,15.1,12.0,340,574.0,26.6875,9.40625,7.5,31.25,19.625
2022-02-02 21:00:00,0.8,34.7,27.6,15.1,12.0,400,494.0,21.5625,8.21875,13.5625,24.4375,15.03125
2022-02-02 22:00:00,0.9,46.2,17.1,17.6,14.0,510,400.0,16.9375,6.671875,19.25,15.25,9.25
2022-02-02 23:00:00,0.8,45.2,15.2,20.1,16.0,400,367.0,14.21875,5.65625,21.9375,11.03125,6.796875
2022-02-03 00:00:00,0.6,34.9,20.7,20.1,16.0,380,363.0,13.53125,5.421875,21.25,10.03125,6.25
2022-02-03 01:00:00,0.6,40.9,13.9,19.1,15.5,420,427.0,15.59375,4.8125,15.53125,14.375,9.4375
2022-02-03 02:00:00,0.6,15.9,34.1,18.1,15.0,270,397.0,12.5,4.765625,19.25,10.84375,7.25
2022-02-03 03:00:00,0.5,8.7,41.7,18.1,15.0,270,377.0,12.84375,5.296875,20.375,8.5625,5.875
2022-02-03 04:00:00,0.5,10.2,36.1,13.1,11.0,280,377.0,12.5,5.0625,23.1875,8.46875,5.796875
2022-02-03 05:00:00,0.6,11.5,36.3,8.0,7.0,290,433.0,12.65625,4.875,25.6875,14.375,9.34375
2022-02-03 06:00:00,0.6,16.1,36.7,8.0,7.0,260,480.0,14.90625,4.9375,23.9375,19.9375,12.875
2022-02-03 07:00:00,0.6,22.0,31.7,8.0,6.5,310,514.0,17.125,5.234375,20.5625,23.5,15.09375
2022-02-03 08:00:00,0.7,31.2,23.8,8.0,6.0,350,500.0,15.59375,5.0625,21.4375,22.4375,14.40625
2022-02-03 09:00:00,0.9,50.5,10.0,8.0,6.0,510,460.0,12.15625,4.578125,25.375,17.75,11.40625
2022-02-03 10:00:00,1.2,52.1,9.6,9.5,8.0,480,417.0,9.25,4.40625,29.3125,13.09375,8.4375
2022-02-03 11:00:00,1.4,49.8,13.9,11.0,10.0,440,420.0,9.25,4.765625,29.625,12.78125,8.34375
2022-02-03 12:00:00,0.8,33.4,27.5,11.0,10.0,330,433.0,11.46875,5.46875,28.25,14.09375,9.21875
2022-02-03 13:00:00,0.8,27.4,32.6,12.6,10.0,320,433.0,14.5625,5.953125,25.375,13.375,8.84375
2022-02-03 14:00:00,1.1,30.7,29.3,14.1,10.0,320,433.0,18.8125,6.125,20.6875,13.125,8.6875
2022-02-03 15:00:00,1.5,34.5,26.3,14.1,10.0,340,440.0,22.25,6.125,16.25,13.6875,9.03125
2022-02-03 16:00:00,1.0,36.2,24.0,14.1,10.0,360,460.0,24.3125,6.1875,13.40625,15.59375,10.25
2022-02-03 17:00:00,1.0,45.1,15.8,14.1,10.0,390,494.0,25.3125,6.375,11.15625,19.25,12.625
2022-02-03 18:00:00,0.9,52.4,11.0,14.1,10.0,430,514.0,25.0,6.125,9.0,22.1875,14.78125
2022-02-03 19:00:00,1.1,57.5,6.2,15.1,11.0,440,534.0,22.9375,5.53125,7.59375,24.125,16.5625
2022-02-03 20:00:00,0.8,50.3,7.2,16.1,12.0,340,560.0,20.375,5.0,7.0625,26.875,19.0
2022-02-03 21:00:00,0.5,27.0,25.9,16.1,12.0,290,554.0,17.4375,4.34375,8.21875,26.1875,18.8125
2022-02-03 22:00:00,0.4,22.3,28.8,13.6,10.5,300,487.0,13.53125,3.3359375,12.6875,18.3125,13.4375
2022-02-03 23:00:00,0.3,15.2,34.7,11.0,9.0,300,433.0,10.1875,2.890625,18.0,12.90625,9.8125
2022-02-04 00:00:00,0.3,10.7,39.6,11.0,9.0,280,413.0,8.96875,2.9453125,21.25,10.84375,8.46875
2022-02-04 01:00:00,0.3,6.8,44.6,11.0,8.5,250,337.0,5.21875,2.40625,37.5,6.421875,4.375
2022-02-04 02:00:00,0.3,5.3,47.1,11.0,8.0,250,340.0,6.328125,2.6796875,36.375,7.734375,5.40625
2022-02-04 03:00:00,0.2,4.5,48.9,11.0,8.0,230,353.0,9.15625,2.9453125,32.875,10.4375,7.8125
2022-02-04 04:00:00,0.3,4.8,47.6,9.5,7.0,230,353.0,9.15625,2.890625,33.875,10.375,8.03125
2022-02-04 05:00:00,0.3,5.1,47.8,8.0,6.0,230,367.0,8.5625,2.9765625,36.75,11.53125,8.78125
2022-02-04 06:00:00,0.3,5.6,49.1,8.0,6.0,240,370.0,8.125,2.9765625,40.0,11.9375,8.53125
2022-02-04 07:00:00,0.3,6.5,49.1,7.5,5.5,230,353.0,6.59375,2.796875,44.625,9.75,6.6875
2022-02-04 08:00:00,0.3,16.3,43.4,7.0,5.0,250,347.0,5.734375,2.734375,47.125,8.34375,5.5625
2022-02-04 09:00:00,0.3,16.9,46.8,7.0,5.0,250,340.0,5.734375,2.6171875,47.875,7.390625,4.9375
2022-02-04 10:00:00,0.3,11.6,53.2,7.0,5.5,230,333.0,6.078125,2.3828125,48.625,6.828125,4.828125
2022-02-04 11:00:00,0.3,12.3,54.1,7.0,6.0,230,330.0,6.078125,2.140625,50.0,6.65625,5.0
2022-02-04 12:00:00,0.3,12.2,55.9,7.0,6.0,220,323.0,5.734375,2.109375,52.125,6.6875,5.25
2022-02-04 13:00:00,0.3,11.1,58.6,7.0,5.5,220,313.0,5.09375,2.0859375,55.75,6.15625,4.921875
2022-02-04 14:00:00,0.2,10.8,60.7,7.0,5.0,210,307.0,4.796875,1.9960938,57.875,5.765625,4.609375
2022-02-04 15:00:00,0.3,16.2,56.9,7.0,5.0,220,307.0,4.703125,1.9648438,58.625,5.578125,4.484375
2022-02-04 16:00:00,0.3,11.9,59.9,7.0,4.5,220,303.0,4.625,1.9648438,58.625,5.5,4.5
2022-02-04 17:00:00,0.2,8.2,63.1,7.0,4.0,220,303.0,4.484375,2.0859375,58.625,5.953125,4.875
2022-02-04 18:00:00,0.2,7.0,64.5,7.0,4.0,220,303.0,4.359375,2.3515625,58.625,6.359375,5.25
2022-02-04 19:00:00,0.2,6.5,65.1,6.0,4.0,210,300.0,4.359375,2.6484375,57.125,6.28125,5.25
2022-02-04 20:00:00,0.2,5.3,65.0,5.0,4.0,210,303.0,4.53125,2.9140625,55.0,6.453125,5.46875
2022-02-04 21:00:00,0.2,4.7,64.2,5.0,4.0,220,300.0,4.65625,3.09375,52.125,6.609375,5.78125
2022-02-04 22:00:00,0.3,3.4,64.0,5.0,4.5,210,297.0,4.53125,3.125,50.75,6.15625,5.703125
2022-02-04 23:00:00,0.2,2.3,64.4,5.0,5.0,200,300.0,4.40625,3.1875,50.0,5.734375,5.453125
2022-02-05 00:00:00,0.2,1.9,63.8,5.0,5.0,210,303.0,4.703125,3.5390625,48.625,6.015625,5.78125
2022-02-05 01:00:00,0.2,1.5,63.5,6.0,5.5,210,317.0,6.765625,3.75,47.125,7.4375,7.203125
2022-02-05 02:00:00,0.2,1.6,62.7,7.0,6.0,220,320.0,6.671875,3.2734375,45.0,7.671875,7.453125
2022-02-05 03:00:00,0.3,1.7,61.4,7.0,6.0,230,320.0,6.25,2.9140625,43.25,7.828125,7.609375
2022-02-05 04:00:00,0.2,2.3,59.5,7.0,6.0,230,320.0,5.984375,2.6171875,41.75,7.5625,7.3125
2022-02-05 05:00:00,0.2,1.9,58.9,7.0,6.0,230,320.0,5.8125,2.2578125,40.0,7.296875,6.8125
2022-02-05 06:00:00,0.2,2.2,57.0,7.0,6.0,230,327.0,5.984375,1.9960938,37.5,6.625,5.921875
2022-02-05 07:00:00,0.2,2.1,56.0,7.0,5.5,230,330.0,6.328125,1.6679688,34.25,6.265625,5.453125
2022-02-05 08:00:00,0.2,2.5,54.3,7.0,5.0,230,337.0,6.671875,1.4882812,32.125,6.65625,5.78125
2022-02-05 09:00:00,0.2,3.8,52.9,7.0,5.0,230,340.0,7.28125,1.3398438,30.0,7.28125,6.4375
2022-02-05 10:00:00,0.2,4.7,50.5,7.0,5.0,230,347.0,8.21875,1.2929688,27.5,8.21875,7.390625
2022-02-05 11:00:00,0.3,6.1,47.5,7.0,5.0,240,360.0,9.84375,1.21875,23.9375,9.375,8.5
2022-02-05 12:00:00,0.3,7.0,45.5,7.0,5.0,250,373.0,11.28125,1.1171875,20.375,9.8125,9.09375
2022-02-05 13:00:00,0.3,9.8,41.7,7.0,5.0,250,363.0,10.9375,0.9003906,19.125,8.375,7.765625
2022-02-05 14:00:00,0.4,14.6,36.7,7.0,5.0,270,323.0,9.40625,0.71484375,25.6875,5.375,4.828125
2022-02-05 15:00:00,0.4,19.4,28.6,7.0,5.0,330,280.0,5.984375,0.86328125,44.25,2.5625,2.015625
2022-02-05 16:00:00,0.4,28.5,31.2,7.5,5.0,350,267.0,4.875,1.25,57.125,2.671875,1.8632812
2022-02-05 17:00:00,0.3,17.5,60.9,8.0,5.0,220,270.0,4.28125,1.3398438,62.875,3.1328125,1.8671875
2022-02-05 18:00:00,0.3,24.9,55.6,8.0,5.0,260,270.0,3.640625,1.1914062,62.875,3.015625,1.5976562
2022-02-05 19:00:00,0.4,24.4,55.5,9.0,5.0,290,267.0,3.125,1.1171875,62.875,2.84375,1.4882812
2022-02-05 20:00:00,0.3,19.8,58.3,10.0,5.0,320,267.0,2.8671875,1.1015625,62.875,2.7578125,1.4335938
2022-02-05 21:00:00,0.3,15.8,60.8,10.0,5.0,320,267.0,2.78125,1.1171875,62.875,2.453125,1.265625
2022-02-05 22:00:00,0.3,14.0,61.0,10.0,4.5,280,263.0,2.609375,1.1015625,62.125,2.0078125,1.078125
2022-02-05 23:00:00,0.3,13.2,60.2,10.0,4.0,240,263.0,2.4140625,1.0546875,60.0,1.9023438,1.0585938
2022-02-06 00:00:00,0.2,9.9,61.2,10.0,4.0,220,263.0,2.1171875,0.9160156,60.0,1.7265625,0.9433594
2022-02-06 01:00:00,0.3,12.8,55.6,8.5,3.5,230,267.0,2.1171875,0.8105469,59.25,2.203125,1.4726562
2022-02-06 02:00:00,0.3,8.6,58.3,7.0,3.0,200,263.0,1.9882812,0.78125,60.0,2.4296875,1.6875
2022-02-06 03:00:00,0.2,4.5,63.4,7.0,3.0,190,263.0,1.734375,0.6699219,60.75,2.296875,1.5625
2022-02-06 04:00:00,0.2,4.5,66.3,7.0,2.5,160,263.0,1.6484375,0.68359375,60.75,2.2421875,1.4804688
2022-02-06 05:00:00,0.3,2.6,69.7,7.0,2.0,150,270.0,1.90625,0.8261719,60.0,2.7109375,1.640625
2022-02-06 06:00:00,0.2,1.8,70.9,7.0,2.0,150,270.0,2.140625,0.8925781,58.625,2.8203125,1.578125
2022-02-06 07:00:00,0.3,1.3,70.1,7.0,1.5,160,270.0,2.375,0.9375,57.875,2.8671875,1.7617188
2022-02-06 08:00:00,0.2,1.2,72.0,7.0,1.0,170,267.0,2.203125,0.8027344,57.125,2.484375,1.6289062
2022-02-06 09:00:00,0.2,1.6,71.7,7.0,1.0,170,263.0,2.2421875,0.69921875,56.5,1.7695312,1.15625
2022-02-06 10:00:00,0.3,2.0,70.7,6.5,1.0,160,263.0,2.8671875,0.640625,52.125,1.4296875,0.98046875
2022-02-06 11:00:00,0.2,3.0,69.6,6.0,1.0,150,263.0,3.5546875,0.6015625,48.625,1.3984375,0.96875
2022-02-06 12:00:00,0.2,3.9,66.0,6.0,1.0,160,263.0,3.8984375,0.6328125,48.625,1.2304688,0.7871094
2022-02-06 13:00:00,0.2,4.7,61.1,4.0,1.0,160,267.0,4.1875,0.6328125,50.0,1.1992188,0.6894531
2022-02-06 14:00:00,0.3,5.5,57.8,2.0,1.0,190,267.0,4.53125,0.5957031,50.0,1.3710938,0.7519531
2022-02-06 15:00:00,0.2,6.8,55.1,2.0,1.0,190,270.0,4.828125,0.5722656,50.0,1.6054688,0.8691406
2022-02-06 16:00:00,0.2,8.7,52.6,2.0,1.0,210,270.0,4.875,0.5722656,50.0,1.96875,1.0585938
2022-02-06 17:00:00,0.2,9.2,52.0,2.0,1.0,230,273.0,4.40625,0.5722656,50.75,2.28125,1.2148438
2022-02-06 18:00:00,0.3,8.4,51.1,2.0,1.0,220,270.0,3.765625,0.5644531,52.875,2.4375,1.28125
2022-02-06 19:00:00,0.2,8.2,50.4,2.5,1.0,220,270.0,3.25,0.5957031,54.25,2.5859375,1.3984375
2022-02-06 20:00:00,0.3,8.4,48.4,3.0,1.0,220,270.0,2.90625,0.6621094,55.0,2.7890625,1.546875
2022-02-06 21:00:00,0.2,11.7,47.1,3.0,1.0,260,263.0,2.546875,0.68359375,56.5,2.6171875,1.5
2022-02-06 22:00:00,0.3,11.3,55.3,3.5,1.0,250,253.5,2.1171875,0.6328125,56.5,1.9570312,1.2109375
2022-02-06 23:00:00,0.3,8.7,62.4,4.0,1.0,220,253.5,2.09375,0.7363281,56.5,1.9414062,1.3164062
2022-02-07 00:00:00,0.2,6.2,70.5,4.0,1.0,190,253.5,2.203125,0.8105469,55.75,2.2109375,1.5585938
2022-02-07 01:00:00,0.2,3.9,74.5,4.0,1.0,180,263.0,2.9921875,0.9824219,51.375,3.296875,2.546875
2022-02-07 02:00:00,0.2,2.0,76.5,4.0,1.0,170,267.0,3.1640625,1.1601562,51.375,3.4375,2.578125
2022-02-07 03:00:00,0.2,2.2,76.3,4.0,1.0,170,270.0,3.46875,1.25,51.375,3.46875,2.515625
2022-02-07 04:00:00,0.2,0.9,77.8,4.5,1.0,170,280.0,4.625,1.7851562,50.0,4.15625,2.9296875
2022-02-07 05:00:00,0.0,2.5,75.4,5.0,1.0,170,330.0,8.125,3.2421875,46.375,7.734375,5.28125
2022-02-07 06:00:00,0.0,5.4,69.2,5.0,1.0,180,410.0,14.90625,6.125,39.25,13.71875,9.59375
2022-02-07 07:00:00,0.1,12.3,58.8,5.0,1.0,180,480.0,22.5625,9.15625,33.5,19.0,13.71875
2022-02-07 08:00:00,0.2,34.8,37.1,5.0,1.0,250,480.0,21.875,9.03125,35.0,18.5625,13.59375
2022-02-07 09:00:00,0.4,45.5,27.4,5.0,1.0,270,413.0,15.25,7.265625,41.125,12.59375,9.375
2022-02-07 10:00:00,0.5,48.1,22.7,5.5,1.5,270,340.0,9.0625,5.0,47.125,6.1875,4.6875
2022-02-07 11:00:00,0.6,50.4,18.8,6.0,2.0,270,323.0,8.21875,4.515625,46.375,5.0625,3.9453125
2022-02-07 12:00:00,0.7,44.9,28.3,6.0,2.0,210,310.0,7.625,3.8125,47.125,4.5,3.53125
2022-02-07 13:00:00,0.5,39.5,36.4,7.0,2.5,230,300.0,6.9375,3.1875,49.25,3.625,2.8203125
2022-02-07 14:00:00,0.7,49.1,29.6,8.0,3.0,230,297.0,7.53125,3.3359375,47.875,3.5625,2.7578125
2022-02-07 15:00:00,0.7,53.7,26.0,8.0,3.0,260,293.0,7.1875,3.09375,47.125,3.5,2.578125
2022-02-07 16:00:00,0.7,50.0,26.4,8.0,3.0,260,293.0,7.28125,3.0390625,50.0,3.6015625,2.4296875
2022-02-07 17:00:00,0.8,57.4,23.0,8.0,3.0,300,303.0,10.1875,3.9296875,50.75,5.03125,3.1796875
2022-02-07 18:00:00,0.7,52.8,31.4,8.0,3.0,340,317.0,15.0625,5.234375,47.125,7.421875,4.75
2022-02-07 19:00:00,1.3,44.4,36.6,8.0,3.0,280,323.0,15.90625,5.359375,44.625,8.4375,5.359375
2022-02-07 20:00:00,0.6,35.0,44.1,8.0,3.0,280,320.0,11.8125,4.109375,45.0,7.9375,4.5625
2022-02-07 21:00:00,0.3,25.9,52.6,8.0,3.0,280,310.0,8.21875,2.796875,44.625,7.0625,3.828125
2022-02-07 22:00:00,0.4,24.1,54.5,8.5,3.5,250,293.0,6.078125,1.8007812,45.75,5.96875,3.6171875
2022-02-07 23:00:00,0.1,13.9,60.9,9.0,4.0,220,287.0,5.0,1.546875,48.625,5.234375,3.640625
2022-02-08 00:00:00,0.1,9.8,60.0,9.0,4.0,220,280.0,4.578125,1.59375,51.375,4.71875,3.5234375
2022-02-08 01:00:00,0.3,14.7,51.8,7.0,3.5,190,277.0,5.90625,2.828125,47.125,3.8359375,3.1953125
2022-02-08 02:00:00,0.4,18.0,47.9,5.0,3.0,210,277.0,5.5625,2.53125,45.0,3.578125,2.90625
2022-02-08 03:00:00,0.2,9.8,54.1,5.0,3.0,200,280.0,5.8125,3.09375,41.125,3.4296875,2.75
2022-02-08 04:00:00,0.2,4.3,64.8,4.5,2.0,190,283.0,5.046875,2.828125,40.75,2.9375,2.2421875
2022-02-08 05:00:00,0.1,3.1,65.8,4.0,1.0,200,293.0,4.3125,2.0859375,44.25,3.1640625,1.9804688
2022-02-08 06:00:00,0.1,1.9,65.9,4.0,1.0,200,300.0,4.828125,1.8320312,47.875,3.515625,1.9492188
2022-02-08 07:00:00,0.1,5.5,62.6,3.0,0.5,220,310.0,5.984375,2.0234375,47.875,4.328125,2.3515625
2022-02-08 08:00:00,0.1,12.8,56.4,2.0,0.0,250,323.0,6.15625,2.234375,46.375,5.359375,2.90625
2022-02-08 09:00:00,0.4,43.7,29.1,2.0,0.0,300,327.0,5.171875,2.0859375,45.0,5.828125,3.109375
2022-02-08 10:00:00,0.6,51.2,22.4,3.0,1.5,400,320.0,4.28125,1.7578125,43.625,5.59375,2.8671875
2022-02-08 11:00:00,0.6,45.7,27.5,4.0,3.0,330,313.0,4.0625,1.6054688,42.5,5.234375,2.5859375
2022-02-08 12:00:00,0.5,33.6,36.7,4.0,3.0,260,303.0,3.9765625,1.578125,42.875,4.765625,2.2890625
2022-02-08 13:00:00,0.5,28.6,41.2,7.0,3.5,230,293.0,3.59375,1.4140625,47.125,3.328125,1.765625
2022-02-08 14:00:00,0.3,27.9,41.9,10.0,4.0,220,290.0,3.9375,1.3671875,50.75,2.7109375,1.4492188
2022-02-08 15:00:00,0.3,24.8,45.7,10.0,4.0,200,293.0,4.484375,1.28125,51.375,2.59375,1.3632812
2022-02-08 16:00:00,0.3,19.7,49.6,10.0,3.5,170,303.0,5.296875,1.3828125,49.25,3.375,1.8867188
2022-02-08 17:00:00,0.2,17.6,49.4,10.0,3.0,170,323.0,5.984375,1.6054688,46.375,5.25,2.9765625
2022-02-08 18:00:00,0.2,16.8,49.4,10.0,3.0,170,337.0,5.90625,1.6835938,45.0,6.859375,3.75
2022-02-08 19:00:00,0.2,15.2,49.6,7.5,2.5,180,337.0,5.5625,1.6523438,43.875,7.125,3.78125
2022-02-08 20:00:00,0.2,17.6,46.0,5.0,2.0,200,320.0,5.265625,1.3828125,43.625,4.859375,2.734375
2022-02-08 21:00:00,0.2,23.3,39.6,5.0,2.0,310,287.0,4.921875,1.25,45.0,1.9804688,1.1914062
2022-02-08 22:00:00,0.2,12.0,54.0,4.0,1.5,260,283.0,4.65625,1.265625,42.125,1.5625,1.203125
2022-02-08 23:00:00,0.2,8.3,56.4,3.0,1.0,210,293.0,5.09375,1.3085938,40.75,2.328125,1.9179688
2022-02-09 00:00:00,0.3,9.5,59.4,3.0,1.0,210,293.0,4.796875,1.4453125,42.125,2.296875,1.7890625
2022-02-09 01:00:00,0.2,8.7,63.4,3.0,1.0,190,280.0,3.296875,1.0859375,49.25,0.9355469,0.5605469
2022-02-09 02:00:00,0.2,7.8,61.1,3.0,1.0,220,280.0,3.296875,1.0273438,49.25,0.95703125,0.5253906
2022-02-09 03:00:00,0.2,8.3,57.5,3.0,1.0,200,280.0,3.296875,0.9453125,50.0,1.0117188,0.5527344
2022-02-09 04:00:00,0.2,8.1,58.1,2.5,0.5,190,283.0,3.8125,1.0703125,50.0,1.5039062,0.875
2022-02-09 05:00:00,0.2,13.9,50.7,2.0,0.0,190,297.0,5.34375,1.4726562,47.875,3.09375,1.765625
2022-02-09 06:00:00,0.2,12.8,53.0,2.0,0.0,180,307.0,7.109375,1.8320312,45.75,4.359375,2.453125
2022-02-09 07:00:00,0.2,18.0,47.5,2.0,0.0,200,313.0,7.53125,2.0234375,45.0,5.046875,2.84375
2022-02-09 08:00:00,0.2,32.7,34.2,2.0,0.0,240,310.0,6.421875,1.9335938,45.75,5.109375,2.9453125
2022-02-09 09:00:00,0.4,47.3,21.9,2.0,0.0,280,300.0,4.828125,1.546875,46.375,4.78125,2.90625
2022-02-09 10:00:00,0.3,37.6,31.3,4.0,1.5,260,290.0,4.75,1.4140625,45.75,4.921875,3.2734375
2022-02-09 11:00:00,0.3,27.8,43.1,6.0,3.0,230,287.0,5.46875,1.3984375,46.375,4.828125,3.0390625
2022-02-09 12:00:00,0.4,27.6,44.6,6.0,3.0,240,270.0,3.5078125,0.7519531,52.875,2.6953125,1.2929688
2022-02-09 13:00:00,0.3,22.8,50.1,8.0,4.0,220,263.0,2.953125,0.6777344,57.875,2.09375,1.0117188
2022-02-09 14:00:00,0.3,23.0,53.4,10.0,5.0,240,260.0,3.2109375,0.6699219,60.75,2.3515625,1.1367188
2022-02-09 15:00:00,0.1,18.0,59.6,10.0,5.0,210,260.0,2.9921875,0.5957031,62.875,2.703125,1.2070312
2022-02-09 16:00:00,0.2,16.4,62.6,11.5,5.0,210,260.0,2.734375,0.5800781,64.25,2.6640625,1.2851562
2022-02-09 17:00:00,0.2,19.9,59.3,13.1,5.0,240,260.0,2.2421875,0.54296875,64.25,2.3515625,1.3125
2022-02-09 18:00:00,0.2,20.8,58.1,13.1,5.0,260,260.0,2.03125,0.54296875,64.25,2.28125,1.421875
2022-02-09 19:00:00,0.2,15.8,61.9,13.6,5.0,230,260.0,1.90625,0.55078125,65.0,2.234375,1.5078125
2022-02-09 20:00:00,0.1,10.8,65.3,14.1,5.0,200,257.0,1.8398438,0.6171875,64.25,1.8476562,1.2734375
2022-02-09 21:00:00,0.2,9.7,65.0,14.1,5.0,230,253.5,2.546875,0.87109375,62.875,1.3359375,0.9316406
2022-02-09 22:00:00,0.1,10.4,63.4,12.0,5.0,230,253.5,3.640625,1.2929688,64.25,1.359375,0.8925781
2022-02-09 23:00:00,0.2,7.0,67.1,10.0,5.0,190,253.5,3.640625,1.21875,67.0,1.8476562,0.9785156
2022-02-10 00:00:00,0.1,5.1,69.1,10.0,5.0,180,247.0,2.8671875,0.87890625,69.25,1.7226562,0.8125
2022-02-10 01:00:00,0.1,5.8,68.6,8.0,4.0,190,250.0,2.734375,0.85546875,65.75,1.1015625,0.5703125
2022-02-10 02:00:00,0.1,4.2,70.9,6.0,3.0,200,250.0,2.6953125,0.84765625,64.25,0.94921875,0.5
2022-02-10 03:00:00,0.1,3.2,72.7,6.0,3.0,210,253.5,2.78125,0.86328125,62.125,0.9394531,0.5
2022-02-10 04:00:00,0.1,4.4,73.0,6.0,2.5,200,253.5,3.0390625,0.9238281,59.25,1.078125,0.5644531
2022-02-10 05:00:00,0.2,4.1,72.7,6.0,2.0,200,263.0,3.421875,1.0703125,57.875,1.6835938,0.8496094
2022-02-10 06:00:00,0.1,7.6,69.4,6.0,2.0,170,267.0,3.59375,1.3554688,57.875,1.9179688,0.8515625
2022-02-10 07:00:00,0.1,14.4,63.1,5.0,2.0,180,267.0,2.953125,1.21875,59.25,1.8984375,0.7714844
2022-02-10 08:00:00,0.2,23.5,55.2,4.0,2.0,200,260.0,2.2421875,0.8417969,60.75,1.8789062,0.72265625
2022-02-10 09:00:00,0.2,26.6,52.0,4.0,2.0,210,257.0,1.7109375,0.6699219,62.875,1.8515625,0.6894531
2022-02-10 10:00:00,0.2,21.3,55.8,4.0,2.0,200,253.5,1.4335938,0.640625,65.0,1.7851562,0.65625
2022-02-10 11:00:00,0.2,15.5,61.5,4.0,2.0,190,253.5,1.4335938,0.69921875,65.75,1.734375,0.6464844
2022-02-10 12:00:00,0.2,10.4,67.9,4.0,2.0,190,253.5,1.6484375,0.8183594,66.5,1.6914062,0.640625
2022-02-10 13:00:00,0.2,9.7,69.9,6.5,2.5,180,253.5,2.1171875,0.9667969,66.5,1.6523438,0.6308594
2022-02-10 14:00:00,0.3,10.4,69.6,9.0,3.0,230,257.0,2.78125,1.0859375,66.5,1.6914062,0.6582031
2022-02-10 15:00:00,0.1,11.4,68.3,9.0,3.0,190,257.0,3.3828125,1.1445312,65.0,1.7226562,0.68359375
2022-02-10 16:00:00,0.2,12.2,68.2,10.5,3.0,180,260.0,3.640625,1.1757812,64.25,1.8085938,0.7324219
2022-02-10 17:00:00,0.2,15.9,64.8,12.0,3.0,210,263.0,3.640625,1.25,63.625,1.9804688,0.80859375
2022-02-10 18:00:00,0.2,18.2,62.7,12.0,3.0,210,263.0,3.6796875,1.3242188,62.875,2.078125,0.85546875
2022-02-10 19:00:00,0.3,18.2,61.1,11.0,3.0,220,263.0,3.765625,1.3554688,62.125,2.0859375,0.86328125
2022-02-10 20:00:00,0.2,18.3,60.0,10.0,3.0,230,263.0,3.8984375,1.3828125,60.75,2.15625,0.9121094
2022-02-10 21:00:00,0.2,20.8,56.7,10.0,3.0,260,263.0,4.0625,1.3554688,59.25,2.046875,0.90234375
2022-02-10 22:00:00,0.2,12.6,63.4,10.0,3.5,230,260.0,3.9375,1.25,57.875,1.7265625,0.8066406
2022-02-10 23:00:00,0.1,12.3,63.6,10.0,4.0,210,257.0,3.765625,1.21875,57.125,1.859375,0.99609375
2022-02-11 00:00:00,0.2,13.0,61.7,10.0,4.0,190,257.0,3.640625,1.1445312,57.125,1.9179688,1.1015625
2022-02-11 01:00:00,0.2,5.3,68.2,9.5,3.5,180,267.0,4.359375,1.6210938,52.875,3.34375,2.0546875
2022-02-11 02:00:00,0.2,5.4,67.2,9.0,3.0,190,263.0,4.28125,1.4882812,52.875,3.1953125,2.0390625
2022-02-11 03:00:00,0.2,6.1,65.1,9.0,3.0,170,263.0,4.140625,1.3828125,53.625,2.84375,1.8359375
2022-02-11 04:00:00,0.2,7.2,60.5,8.0,2.5,170,263.0,4.0625,1.4140625,54.25,2.5859375,1.6484375
2022-02-11 05:00:00,0.1,13.4,52.2,7.0,2.0,180,273.0,4.40625,1.578125,57.125,3.125,1.8710938
2022-02-11 06:00:00,0.1,14.7,49.4,7.0,2.0,180,280.0,4.75,1.6054688,60.75,3.296875,1.90625
2022-02-11 07:00:00,0.2,17.9,47.5,6.5,2.0,190,280.0,4.484375,1.5039062,62.875,3.015625,1.671875
2022-02-11 08:00:00,0.2,32.2,35.3,6.0,2.0,210,277.0,3.46875,1.2929688,65.75,2.34375,1.1796875
2022-02-11 09:00:00,0.3,48.1,24.9,6.0,2.0,270,270.0,2.3515625,1.1015625,67.75,1.5742188,0.71875
2022-02-11 10:00:00,0.5,46.1,29.2,7.0,3.0,440,267.0,2.0078125,1.0429688,67.0,1.125,0.5
2022-02-11 11:00:00,0.4,35.7,42.0,8.0,4.0,280,270.0,1.96875,1.0546875,66.5,1.09375,0.5
2022-02-11 12:00:00,0.3,14.0,67.5,8.0,4.0,250,270.0,2.0078125,1.0546875,66.5,1.0898438,0.5
2022-02-11 13:00:00,0.2,8.9,74.0,8.5,4.0,220,270.0,2.09375,1.0273438,65.75,1.0625,0.5
2022-02-11 14:00:00,0.2,10.9,70.9,9.0,4.0,250,270.0,2.265625,1.0117188,64.25,1.0703125,0.5
2022-02-11 15:00:00,0.2,12.0,69.5,9.0,4.0,230,273.0,2.5234375,0.9980469,61.5,1.09375,0.5
2022-02-11 16:00:00,0.2,12.2,69.8,7.5,3.0,280,280.0,2.5234375,0.9980469,58.625,1.1875,0.5488281
2022-02-11 17:00:00,0.2,16.2,66.8,6.0,2.0,260,283.0,2.328125,1.0546875,56.5,1.34375,0.6269531
2022-02-11 18:00:00,0.2,22.3,60.2,6.0,2.0,310,287.0,2.15625,1.0859375,55.0,1.3789062,0.64453125
2022-02-11 19:00:00,0.2,13.3,66.2,5.5,1.5,270,287.0,2.0546875,1.0703125,55.75,1.296875,0.6113281
2022-02-11 20:00:00,0.2,12.2,65.9,5.0,1.0,240,287.0,1.9492188,1.0429688,57.125,1.2578125,0.5957031
2022-02-11 21:00:00,0.2,8.8,66.6,5.0,1.0,240,280.0,1.796875,0.9667969,58.625,1.0429688,0.5
2022-02-11 22:00:00,0.2,8.9,65.3,5.0,0.5,240,273.0,1.5625,0.8417969,61.5,0.8300781,0.5
2022-02-11 23:00:00,0.2,6.5,67.2,5.0,0.0,220,263.0,1.2617188,0.7285156,67.0,0.7636719,0.5
2022-02-12 00:00:00,0.2,5.7,68.0,5.0,0.0,230,257.0,1.1015625,0.640625,72.75,0.75390625,0.5
2022-02-12 01:00:00,0.2,4.8,70.4,3.5,0.0,210,253.5,1.0351562,0.54296875,73.5,0.73828125,0.5
2022-02-12 02:00:00,0.2,3.7,74.0,2.0,0.0,230,257.0,1.3242188,0.6542969,72.0,0.78515625,0.5
2022-02-12 03:00:00,0.2,5.2,72.9,2.0,0.0,200,257.0,1.6054688,0.796875,72.0,0.8203125,0.5
2022-02-12 04:00:00,0.2,10.4,66.7,2.0,0.5,200,257.0,1.6484375,0.8339844,74.25,0.86328125,0.5
2022-02-12 05:00:00,0.3,8.3,67.7,2.0,1.0,190,263.0,1.8398438,0.9003906,77.0,1.2304688,0.5859375
2022-02-12 06:00:00,0.3,9.3,67.2,2.0,1.0,240,277.0,2.8203125,1.4296875,73.5,1.9453125,1.015625
2022-02-12 07:00:00,0.2,5.0,70.3,2.0,1.0,200,273.0,2.203125,0.9375,67.0,1.578125,0.78125
2022-02-12 08:00:00,0.2,5.2,69.5,2.0,1.0,190,273.0,2.5234375,1.1914062,62.875,2.046875,1.3671875
2022-02-12 09:00:00,0.2,7.9,68.2,2.0,1.0,200,273.0,2.734375,1.0859375,63.625,2.3359375,1.7773438
2022-02-12 10:00:00,0.2,12.5,64.6,2.0,1.0,210,267.0,2.4140625,0.9375,65.75,1.8632812,1.3671875
2022-02-12 11:00:00,0.2,12.8,64.5,2.0,1.0,210,263.0,2.265625,0.9003906,67.75,1.5507812,1.015625
2022-02-12 12:00:00,0.3,10.0,67.5,2.0,1.0,190,257.0,2.265625,0.9003906,70.0,1.3671875,0.6953125
2022-02-12 13:00:00,0.2,7.3,70.9,4.0,0.5,190,257.0,2.4375,0.9082031,72.75,1.46875,0.5625
2022-02-12 14:00:00,0.2,8.6,69.6,6.0,0.0,170,257.0,2.546875,0.8847656,74.25,1.8046875,0.6542969
2022-02-12 15:00:00,0.2,8.4,69.2,6.0,0.0,180,257.0,2.4375,0.8417969,75.0,2.078125,0.7246094
2022-02-12 16:00:00,0.3,7.8,70.4,7.5,0.5,190,253.5,2.2265625,0.765625,77.0,2.203125,0.7675781
2022-02-12 17:00:00,0.2,6.7,71.7,9.0,1.0,190,253.5,2.3125,0.796875,77.0,1.90625,0.7421875
2022-02-12 18:00:00,0.2,6.3,71.8,9.0,1.0,180,253.5,2.2265625,0.796875,77.0,1.6367188,0.6953125
2022-02-12 19:00:00,0.3,5.4,72.3,10.0,2.0,180,253.5,1.7773438,0.68359375,77.0,1.28125,0.6230469
2022-02-12 20:00:00,0.3,4.6,72.6,11.0,3.0,190,253.5,1.4335938,0.5800781,77.0,1.1015625,0.5859375
2022-02-12 21:00:00,0.2,3.4,74.0,11.0,3.0,200,253.5,1.2929688,0.5058594,76.5,1.0,0.5566406
2022-02-12 22:00:00,0.3,3.3,74.2,11.0,3.5,180,250.0,1.2851562,0.4580078,75.75,0.9375,0.515625
2022-02-12 23:00:00,0.2,2.5,74.7,11.0,4.0,190,253.5,1.3046875,0.43945312,75.75,1.0390625,0.5253906
2022-02-13 00:00:00,0.2,3.4,74.5,11.0,4.0,190,257.0,1.4960938,0.47265625,75.0,1.59375,0.9121094
2022-02-13 01:00:00,0.2,3.3,73.2,10.0,3.0,180,260.0,1.5625,0.53515625,75.75,2.1796875,1.4882812
2022-02-13 02:00:00,0.3,1.5,74.4,9.0,2.0,180,260.0,1.625,0.6328125,75.75,2.875,2.2890625
2022-02-13 03:00:00,0.3,2.9,73.9,9.0,2.0,190,260.0,1.625,0.69921875,76.5,3.5546875,3.0078125
2022-02-13 04:00:00,0.3,1.8,76.3,8.5,2.0,190,260.0,1.6484375,0.7285156,75.75,4.5625,3.875
2022-02-13 05:00:00,0.3,2.9,75.1,8.0,2.0,210,260.0,1.7539062,0.9082031,75.0,5.59375,4.546875
2022-02-13 06:00:00,0.2,3.2,72.7,8.0,2.0,260,263.0,1.8828125,0.9824219,76.5,6.0625,4.640625
2022-02-13 07:00:00,0.1,2.4,70.7,7.5,2.0,190,267.0,2.0078125,0.8183594,73.5,6.671875,4.828125
2022-02-13 08:00:00,0.2,2.9,71.4,7.0,2.0,190,270.0,2.734375,1.0273438,68.5,8.34375,6.6875
2022-02-13 09:00:00,0.2,2.7,76.5,7.0,2.0,190,267.0,2.78125,1.0703125,67.75,7.953125,6.640625
2022-02-13 10:00:00,0.2,3.6,75.5,7.0,2.5,200,267.0,2.90625,1.1757812,67.0,8.15625,7.140625
2022-02-13 11:00:00,0.2,4.5,74.5,7.0,3.0,230,270.0,3.296875,1.4882812,66.5,8.90625,8.0625
2022-02-13 12:00:00,0.3,6.2,70.7,7.0,3.0,250,273.0,4.015625,1.7578125,62.875,10.125,9.28125
2022-02-13 13:00:00,0.4,6.0,69.2,8.0,4.0,240,280.0,5.171875,1.8007812,57.125,11.5,10.78125
2022-02-13 14:00:00,0.4,6.0,66.9,9.0,5.0,240,283.0,6.078125,1.6367188,52.875,12.0625,11.5
2022-02-13 15:00:00,0.4,6.4,66.3,9.0,5.0,240,287.0,6.328125,1.3671875,52.125,11.6875,11.15625
2022-02-13 16:00:00,0.3,7.3,65.2,9.5,5.5,230,287.0,6.078125,1.1601562,52.125,11.25,10.625
2022-02-13 17:00:00,0.4,8.5,63.0,10.0,6.0,240,287.0,5.8125,1.0546875,52.125,11.375,10.53125
2022-02-13 18:00:00,0.2,9.9,58.8,10.0,6.0,250,287.0,5.640625,0.9824219,52.125,11.6875,10.78125
2022-02-13 19:00:00,0.2,9.4,57.0,10.5,6.0,240,287.0,5.34375,0.9160156,51.375,12.125,11.1875
2022-02-13 20:00:00,0.2,8.6,56.1,11.0,6.0,230,287.0,4.96875,0.86328125,52.125,12.5625,11.625
2022-02-13 21:00:00,0.3,9.5,54.8,11.0,6.0,240,287.0,4.65625,0.8183594,52.125,13.09375,12.21875
2022-02-13 22:00:00,0.2,7.1,56.6,12.0,6.5,230,283.0,4.3125,0.796875,52.875,13.75,12.9375
2022-02-13 23:00:00,0.2,5.3,56.9,13.1,7.0,200,283.0,4.1875,0.8261719,52.875,14.5,13.6875
2022-02-14 00:00:00,0.2,4.8,56.8,13.1,7.0,200,283.0,4.015625,0.8261719,52.875,15.0,14.25
2022-02-14 01:00:00,0.2,3.7,58.3,12.0,7.5,210,287.0,3.9375,0.8183594,53.625,13.875,13.4375
2022-02-14 02:00:00,0.1,2.6,59.3,11.0,8.0,220,287.0,3.8515625,0.8105469,52.875,15.0625,14.5
2022-02-14 03:00:00,0.1,2.9,57.9,11.0,8.0,210,287.0,3.765625,0.8105469,52.875,15.84375,15.25
2022-02-14 04:00:00,0.1,2.7,57.9,9.0,7.0,210,290.0,3.7265625,0.84765625,53.625,16.5,15.9375
2022-02-14 05:00:00,0.2,2.7,57.5,7.0,6.0,220,297.0,4.015625,0.9667969,53.625,17.9375,17.1875
2022-02-14 06:00:00,0.0,4.8,55.5,7.0,6.0,230,307.0,4.65625,1.1171875,52.125,19.8125,19.0
2022-02-14 07:00:00,0.0,7.1,54.0,6.0,5.0,260,313.0,5.0,1.2929688,49.25,21.0625,20.1875
2022-02-14 08:00:00,0.1,18.5,45.0,5.0,4.0,250,310.0,4.65625,1.3398438,51.375,20.375,19.5
2022-02-14 09:00:00,0.1,31.1,34.1,5.0,4.0,270,303.0,4.359375,1.2929688,54.25,19.0,18.125
2022-02-14 10:00:00,0.0,25.2,38.0,6.5,4.5,270,303.0,4.359375,1.2929688,55.0,19.6875,18.6875
2022-02-14 11:00:00,0.0,17.5,44.0,8.0,5.0,290,313.0,5.0,1.3671875,53.625,22.125,20.6875
2022-02-14 12:00:00,0.0,16.8,45.2,8.0,5.0,280,323.0,5.5625,1.4140625,55.75,24.1875,22.5
2022-02-14 13:00:00,0.1,17.0,46.8,12.0,8.0,300,327.0,6.078125,1.3984375,57.875,24.625,22.875
2022-02-14 14:00:00,0.0,22.1,41.9,16.1,11.0,310,327.0,5.90625,1.3671875,62.125,23.625,22.0
2022-02-14 15:00:00,0.0,19.9,44.5,16.1,11.0,280,320.0,5.640625,1.28125,65.0,21.625,20.125
2022-02-14 16:00:00,0.2,25.0,40.5,19.1,11.5,300,317.0,5.5625,1.28125,65.75,20.375,18.875
2022-02-14 17:00:00,0.1,16.5,47.7,22.1,12.0,280,317.0,5.46875,1.4140625,65.75,19.8125,18.25
2022-02-14 18:00:00,0.1,14.4,50.2,22.1,12.0,290,313.0,5.296875,1.6054688,65.75,19.0,17.375
2022-02-14 19:00:00,0.1,14.6,51.4,18.6,12.0,290,307.0,5.09375,1.7695312,65.0,17.5,15.875
2022-02-14 20:00:00,0.1,14.2,53.4,15.1,12.0,310,303.0,4.828125,1.890625,65.0,16.125,14.5
2022-02-14 21:00:00,0.0,13.7,53.5,15.1,12.0,310,300.0,4.53125,1.9335938,65.75,15.5625,14.03125
2022-02-14 22:00:00,0.0,10.9,58.4,16.1,11.5,280,297.0,4.109375,1.9335938,66.5,15.53125,14.21875
2022-02-14 23:00:00,0.0,7.7,65.0,17.1,11.0,250,297.0,3.765625,1.9960938,67.0,16.1875,14.90625
2022-02-15 00:00:00,0.2,6.2,69.5,17.1,11.0,240,297.0,3.5546875,2.0859375,66.5,16.8125,15.5
2022-02-15 01:00:00,0.2,4.6,70.7,14.6,10.0,240,300.0,3.5546875,1.9648438,62.875,17.8125,16.5625
2022-02-15 02:00:00,0.3,3.8,69.7,12.0,9.0,240,300.0,3.5078125,1.9960938,62.125,18.9375,17.75
2022-02-15 03:00:00,0.3,3.9,68.8,12.0,9.0,250,300.0,3.6796875,1.9648438,61.5,20.125,18.875
2022-02-15 04:00:00,0.3,4.1,68.2,12.6,9.0,250,307.0,4.015625,1.9960938,60.0,21.5,20.125
2022-02-15 05:00:00,0.2,4.5,66.3,13.1,9.0,240,313.0,4.65625,2.0859375,59.25,23.0,21.375
2022-02-15 06:00:00,0.3,3.9,64.7,13.1,9.0,250,323.0,5.265625,2.171875,58.625,24.6875,22.8125
2022-02-15 07:00:00,0.1,6.6,60.8,15.6,11.0,240,327.0,5.4375,2.203125,57.875,26.3125,24.1875
2022-02-15 08:00:00,0.3,15.3,52.9,18.1,13.0,270,330.0,5.8125,2.2578125,57.125,27.8125,25.5625
2022-02-15 09:00:00,0.5,26.0,44.1,18.1,13.0,300,337.0,6.078125,2.3203125,56.5,28.8125,26.75
2022-02-15 10:00:00,0.7,22.6,45.7,21.1,15.5,310,340.0,5.90625,2.4375,57.125,28.6875,26.9375
2022-02-15 11:00:00,0.6,24.1,43.5,24.1,18.0,290,343.0,6.15625,2.5625,56.5,28.0625,26.5
2022-02-15 12:00:00,0.4,23.7,43.2,24.1,18.0,310,343.0,6.765625,2.765625,55.0,27.9375,26.3125
2022-02-15 13:00:00,0.5,18.7,48.8,23.6,18.0,310,343.0,7.53125,2.796875,54.25,26.8125,25.375
2022-02-15 14:00:00,0.7,21.1,50.6,23.1,18.0,310,347.0,7.953125,2.5859375,52.875,24.4375,23.25
2022-02-15 15:00:00,0.6,23.3,50.4,23.1,18.0,300,347.0,8.28125,2.3203125,52.125,22.0,21.125
2022-02-15 16:00:00,0.3,22.3,49.8,24.1,19.0,310,347.0,8.5625,2.0546875,50.75,21.5,20.5
2022-02-15 17:00:00,0.4,22.3,48.7,25.1,20.0,320,347.0,8.71875,1.875,49.25,22.6875,21.5625
2022-02-15 18:00:00,0.2,18.3,50.3,25.1,20.0,320,347.0,8.90625,1.6953125,47.125,23.5625,22.3125
2022-02-15 19:00:00,0.2,14.2,53.1,26.1,20.5,320,340.0,8.21875,1.5195312,45.75,22.625,21.375
2022-02-15 20:00:00,0.2,10.1,54.9,27.1,21.0,310,330.0,6.9375,1.3554688,45.75,21.0625,19.8125
2022-02-15 21:00:00,0.2,8.3,55.6,27.1,21.0,300,317.0,5.90625,1.1171875,45.75,19.0625,17.875
2022-02-15 22:00:00,0.2,7.4,54.0,27.1,21.0,300,300.0,5.296875,0.85546875,43.875,16.25,15.3125
2022-02-15 23:00:00,0.2,6.3,52.9,27.1,21.0,280,290.0,5.140625,0.7441406,41.75,13.5625,12.71875
2022-02-16 00:00:00,0.2,5.3,53.4,27.1,21.0,260,283.0,5.140625,0.70703125,40.375,11.875,11.125
2022-02-16 01:00:00,0.0,4.3,58.8,23.1,18.0,210,270.0,3.1640625,0.49121094,49.25,4.734375,3.9765625
2022-02-16 02:00:00,0.0,3.4,64.3,19.1,15.0,170,267.0,2.4609375,0.4580078,52.875,2.8671875,2.09375
2022-02-16 03:00:00,0.1,2.2,67.2,19.1,15.0,170,267.0,2.203125,0.45410156,54.25,2.4921875,1.65625
2022-02-16 04:00:00,0.0,4.0,65.9,12.6,12.0,170,267.0,2.3125,0.5136719,55.0,3.015625,1.9335938
2022-02-16 05:00:00,0.0,2.7,69.8,6.0,2.0,180,277.0,2.90625,0.70703125,54.25,4.765625,2.9375
2022-02-16 06:00:00,0.0,3.1,71.6,6.0,2.0,170,280.0,3.8125,0.9980469,51.375,6.765625,4.171875
2022-02-16 07:00:00,0.1,5.6,71.2,6.0,2.0,190,287.0,4.1875,1.1171875,48.625,8.21875,5.1875
2022-02-16 08:00:00,0.1,13.2,66.3,6.0,2.0,210,293.0,4.1875,1.0859375,47.125,9.0,5.921875
2022-02-16 09:00:00,0.1,21.5,58.9,6.0,2.0,210,300.0,4.703125,1.265625,43.25,10.6875,7.96875
2022-02-16 10:00:00,0.1,16.8,61.3,7.5,2.0,210,313.0,5.984375,1.4882812,38.25,14.78125,12.65625
2022-02-16 11:00:00,0.2,14.0,59.1,9.0,2.0,210,330.0,8.5625,1.6054688,36.375,17.4375,15.71875
2022-02-16 12:00:00,0.1,11.8,58.3,9.0,2.0,210,337.0,9.40625,1.53125,35.75,18.5625,17.0
2022-02-16 13:00:00,0.2,10.2,56.7,10.0,3.0,230,333.0,8.125,1.4140625,36.75,18.875,17.625
2022-02-16 14:00:00,0.1,12.4,53.7,11.0,4.0,240,333.0,7.359375,1.3398438,40.75,16.625,15.65625
2022-02-16 15:00:00,0.1,14.8,51.2,11.0,4.0,230,333.0,7.796875,1.3554688,42.5,12.625,11.75
2022-02-16 16:00:00,0.1,19.8,44.8,12.0,6.5,230,340.0,8.90625,1.4453125,40.0,10.53125,9.625
2022-02-16 17:00:00,0.3,22.5,38.0,13.1,9.0,270,340.0,9.15625,1.3554688,35.375,8.0625,7.0625
2022-02-16 18:00:00,0.1,17.1,44.3,13.1,9.0,260,333.0,10.09375,1.234375,30.375,5.046875,4.15625
2022-02-16 19:00:00,0.1,12.4,50.8,14.1,10.0,250,323.0,9.65625,1.1445312,30.0,3.8203125,2.921875
2022-02-16 20:00:00,0.1,10.6,52.8,15.1,11.0,240,323.0,9.0625,1.1445312,30.375,4.5,3.3984375
2022-02-16 21:00:00,0.1,10.9,48.5,15.1,11.0,260,323.0,9.3125,1.234375,29.3125,5.390625,4.25
2022-02-16 22:00:00,0.1,7.7,48.2,13.1,9.5,260,327.0,10.34375,1.3398438,27.5,6.171875,5.390625
2022-02-16 23:00:00,0.0,6.5,44.3,11.0,8.0,270,333.0,11.46875,1.546875,27.5,6.0625,5.515625
2022-02-17 00:00:00,0.0,7.5,41.7,11.0,8.0,280,343.0,11.46875,1.578125,28.5625,5.5,4.984375
2022-02-17 01:00:00,0.0,6.7,43.3,9.5,6.5,290,327.0,6.078125,1.546875,43.625,10.28125,10.0
2022-02-17 02:00:00,0.0,4.2,50.7,8.0,5.0,280,327.0,4.65625,1.59375,53.625,5.640625,5.40625
2022-02-17 03:00:00,0.1,3.3,55.3,8.0,5.0,280,327.0,4.625,1.7851562,55.75,3.421875,3.203125
2022-02-17 04:00:00,0.0,3.1,58.1,6.5,4.5,290,310.0,4.796875,1.7109375,55.0,2.96875,2.6953125
2022-02-17 05:00:00,0.1,3.3,60.3,5.0,4.0,280,297.0,4.75,1.4882812,52.875,2.7265625,2.0859375
2022-02-17 06:00:00,0.0,2.7,61.4,5.0,4.0,260,290.0,4.75,1.3242188,50.75,2.5546875,1.6054688
2022-02-17 07:00:00,0.1,4.5,58.6,3.5,3.0,230,293.0,5.09375,1.28125,49.25,2.90625,1.7304688
2022-02-17 08:00:00,0.0,11.3,51.2,2.0,2.0,210,303.0,5.4375,1.3554688,48.625,3.7265625,2.2109375
2022-02-17 09:00:00,0.1,16.4,46.0,2.0,2.0,180,317.0,5.984375,1.6679688,47.125,4.34375,2.7265625
2022-02-17 10:00:00,0.1,15.6,45.5,2.5,1.5,170,320.0,6.421875,1.859375,46.375,4.484375,2.8828125
2022-02-17 11:00:00,0.1,12.1,48.5,3.0,1.0,170,313.0,5.734375,1.59375,47.125,4.171875,2.5390625
2022-02-17 12:00:00,0.1,12.2,48.7,3.0,1.0,180,303.0,4.96875,1.1445312,46.375,3.328125,2.03125
2022-02-17 13:00:00,0.1,10.5,49.5,2.5,0.5,200,290.0,5.171875,0.7890625,41.75,2.2734375,1.4765625
2022-02-17 14:00:00,0.1,21.5,39.9,2.0,0.0,230,293.0,5.8125,0.8183594,39.25,2.0546875,1.40625
2022-02-17 15:00:00,0.1,22.6,39.8,2.0,0.0,240,283.0,6.84375,1.1601562,40.75,1.8320312,1.3046875
2022-02-17 16:00:00,0.1,25.0,37.7,1.5,0.5,230,330.0,8.46875,1.0273438,33.25,2.96875,2.6171875
2022-02-17 17:00:00,0.3,40.8,31.6,1.0,1.0,220,333.0,7.109375,0.9453125,30.75,2.15625,1.8320312
2022-02-17 18:00:00,0.7,55.6,21.4,1.0,1.0,250,313.0,6.5,1.234375,32.875,0.9296875,0.63671875
2022-02-17 19:00:00,0.4,35.0,32.2,2.5,1.5,300,297.0,4.625,0.9667969,40.375,0.7558594,0.5
2022-02-17 20:00:00,0.2,16.4,37.5,4.0,2.0,310,287.0,2.8203125,0.55859375,49.25,0.7675781,0.5
2022-02-17 21:00:00,0.1,6.4,45.9,4.0,2.0,300,277.0,1.7539062,0.45410156,57.125,0.72265625,0.5
2022-02-17 22:00:00,0.1,4.9,51.8,4.0,2.0,300,277.0,1.8398438,0.48339844,53.625,0.6660156,0.5
2022-02-17 23:00:00,0.1,2.9,57.1,4.0,2.0,260,283.0,2.265625,0.5878906,45.75,0.6582031,0.5
2022-02-18 00:00:00,0.1,2.3,61.1,4.0,2.0,270,283.0,2.4140625,0.6777344,42.875,0.6503906,0.5
2022-02-18 01:00:00,0.1,1.9,66.6,3.5,2.0,250,273.0,1.4101562,0.55078125,56.5,0.6230469,0.5
2022-02-18 02:00:00,0.0,0.4,73.8,3.0,2.0,220,273.0,1.5390625,0.5800781,52.875,0.6230469,0.5
2022-02-18 03:00:00,0.1,0.3,76.5,3.0,2.0,210,277.0,1.6484375,0.640625,50.0,0.6308594,0.5
2022-02-18 04:00:00,0.1,0.1,74.6,3.5,2.0,210,273.0,1.4335938,0.54296875,51.375,0.6386719,0.5
2022-02-18 05:00:00,0.1,0.2,72.6,4.0,2.0,210,270.0,1.5390625,0.54296875,51.375,0.7519531,0.5
2022-02-18 06:00:00,0.1,0.9,71.3,4.0,2.0,210,277.0,2.1171875,0.70703125,45.375,0.8359375,0.5
2022-02-18 07:00:00,0.1,3.0,66.0,3.0,2.0,190,283.0,2.484375,0.84765625,40.75,0.8671875,0.5
2022-02-18 08:00:00,0.2,7.6,54.1,2.0,2.0,180,283.0,2.328125,0.85546875,41.375,0.86328125,0.5
2022-02-18 09:00:00,0.1,12.5,52.6,2.0,2.0,200,280.0,2.2890625,0.9160156,42.875,0.828125,0.5
2022-02-18 10:00:00,0.1,13.7,52.5,2.5,1.5,200,280.0,2.328125,0.9375,42.125,0.8046875,0.5
2022-02-18 11:00:00,0.2,10.4,54.7,3.0,1.0,210,277.0,2.4375,0.9296875,41.125,0.8027344,0.5
2022-02-18 12:00:00,0.2,11.1,55.3,3.0,1.0,190,277.0,2.4375,0.8847656,41.75,0.7910156,0.5
2022-02-18 13:00:00,0.2,10.2,55.8,4.0,1.0,210,277.0,2.4375,0.84765625,43.625,0.80859375,0.5
2022-02-18 14:00:00,0.2,9.6,57.8,5.0,1.0,190,277.0,2.78125,0.9375,44.625,1.2226562,0.83984375
2022-02-18 15:00:00,0.2,9.6,52.7,5.0,1.0,0,277.0,4.40625,1.5195312,49.25,2.03125,1.3945312
2022-02-18 16:00:00,0.3,9.6,55.2,4.0,1.5,170,290.0,7.453125,2.734375,48.625,3.9375,2.796875
2022-02-18 17:00:00,0.2,9.6,48.7,3.0,2.0,210,297.0,8.03125,2.9765625,45.375,6.21875,4.609375
2022-02-18 18:00:00,0.3,9.6,46.3,3.0,2.0,250,290.0,6.25,2.203125,45.375,6.234375,4.59375
2022-02-18 19:00:00,0.3,9.6,46.9,3.5,2.5,240,287.0,4.359375,1.4570312,46.375,4.5625,3.171875
2022-02-18 20:00:00,0.2,16.8,53.4,4.0,3.0,230,290.0,3.6796875,1.21875,46.375,3.4296875,2.140625
2022-02-18 21:00:00,0.3,11.1,57.7,4.0,3.0,230,290.0,3.46875,1.0546875,45.0,2.9375,1.765625
2022-02-18 22:00:00,0.2,10.6,56.1,5.5,3.0,210,280.0,2.8203125,0.7441406,45.0,2.296875,1.3671875
2022-02-18 23:00:00,0.2,8.9,57.3,7.0,3.0,210,273.0,2.265625,0.6171875,46.375,2.25,1.3671875
2022-02-19 00:00:00,0.1,6.4,57.9,7.0,3.0,200,270.0,2.203125,0.7597656,49.25,2.5859375,1.59375
2022-02-19 01:00:00,0.2,4.7,58.5,6.5,3.0,190,250.0,1.7773438,0.7597656,64.25,2.4453125,1.421875
2022-02-19 02:00:00,0.1,1.1,68.0,6.0,3.0,170,253.5,2.0546875,0.8925781,65.75,2.8046875,1.7421875
2022-02-19 03:00:00,0.2,7.6,66.6,6.0,3.0,170,253.5,2.546875,1.0546875,65.0,2.5625,1.7148438
2022-02-19 04:00:00,0.2,7.4,67.2,6.5,3.0,170,260.0,3.3359375,1.1914062,64.25,2.0234375,1.4179688
2022-02-19 05:00:00,0.1,0.6,71.2,7.0,3.0,160,273.0,4.484375,1.7578125,62.125,2.796875,2.015625
2022-02-19 06:00:00,0.2,0.8,71.1,7.0,3.0,170,280.0,4.921875,2.109375,62.125,3.5546875,2.609375
2022-02-19 07:00:00,0.2,2.7,69.5,7.5,2.5,170,280.0,4.96875,2.4375,62.875,3.359375,2.4375
2022-02-19 08:00:00,0.1,5.3,66.5,8.0,2.0,190,287.0,5.5625,3.0625,62.125,3.609375,2.6328125
2022-02-19 09:00:00,0.2,11.0,62.3,8.0,2.0,190,290.0,5.984375,3.2421875,61.5,3.625,2.71875
2022-02-19 10:00:00,0.1,14.8,59.3,7.5,2.0,200,290.0,5.90625,3.15625,60.75,3.359375,2.5546875
2022-02-19 11:00:00,0.2,16.6,56.0,7.0,2.0,220,283.0,5.640625,3.0390625,60.0,2.9375,2.25
2022-02-19 12:00:00,0.3,21.7,52.3,7.0,2.0,220,277.0,5.390625,2.828125,60.0,2.4921875,1.9257812
2022-02-19 13:00:00,0.6,20.9,53.9,5.5,2.0,220,270.0,5.140625,2.3828125,62.125,1.8945312,1.453125
2022-02-19 14:00:00,0.4,19.2,56.4,4.0,2.0,220,263.0,4.875,1.9960938,61.5,1.4570312,1.0429688
2022-02-19 15:00:00,0.2,15.8,59.1,4.0,2.0,210,280.0,10.78125,2.828125,52.125,2.75,2.03125
2022-02-19 16:00:00,0.7,33.5,41.3,3.5,2.0,210,280.0,7.359375,1.6054688,51.375,3.15625,2.3046875
2022-02-19 17:00:00,1.1,51.8,18.5,3.0,2.0,240,277.0,5.5625,1.7851562,52.875,2.65625,2.0390625
2022-02-19 18:00:00,0.5,31.2,34.9,3.0,2.0,260,280.0,6.5,2.4375,47.125,2.984375,2.296875
2022-02-19 19:00:00,0.4,25.8,45.1,4.0,2.0,260,283.0,5.4375,1.9648438,43.625,3.34375,2.6796875
2022-02-19 20:00:00,0.3,17.2,51.1,5.0,2.0,240,283.0,3.5546875,1.3828125,52.875,2.9765625,2.34375
2022-02-19 21:00:00,0.3,14.9,50.5,5.0,2.0,270,280.0,4.109375,2.2890625,56.5,2.6171875,2.0
2022-02-19 22:00:00,0.2,8.1,56.3,5.5,2.5,250,270.0,2.5,1.0859375,55.0,0.9550781,0.6035156
2022-02-19 23:00:00,0.3,5.9,59.5,6.0,3.0,240,273.0,2.140625,0.9667969,48.625,0.75,0.5
2022-02-20 00:00:00,0.2,6.1,62.6,6.0,3.0,260,280.0,2.265625,1.0429688,43.625,0.86328125,0.58203125
2022-02-20 01:00:00,0.2,8.4,58.5,5.0,2.5,220,277.0,2.5859375,1.1601562,43.625,0.86328125,0.5527344
2022-02-20 02:00:00,0.2,6.8,60.5,4.0,2.0,200,280.0,2.3515625,0.9824219,43.25,0.9746094,0.6347656
2022-02-20 03:00:00,0.2,6.5,60.2,4.0,2.0,170,287.0,3.25,1.3671875,40.75,1.9648438,1.4296875
2022-02-20 04:00:00,0.1,3.1,61.7,3.5,1.5,170,290.0,3.765625,1.4570312,39.625,2.90625,2.109375
2022-02-20 05:00:00,0.2,4.4,57.2,3.0,1.0,180,297.0,3.125,1.1171875,40.75,3.109375,1.9960938
2022-02-20 06:00:00,0.1,2.8,57.7,3.0,1.0,180,303.0,3.59375,1.1914062,39.625,3.6953125,2.328125
2022-02-20 07:00:00,0.2,3.9,56.3,2.0,1.0,180,307.0,4.109375,1.265625,38.5,4.203125,2.671875
2022-02-20 08:00:00,0.2,5.2,53.6,1.0,1.0,170,303.0,3.8515625,1.21875,38.5,4.21875,2.65625
2022-02-20 09:00:00,0.2,7.1,51.1,1.0,1.0,180,300.0,3.3359375,1.1601562,39.625,3.78125,2.375
2022-02-20 10:00:00,0.2,7.7,51.1,1.5,1.0,200,293.0,2.8203125,0.9375,41.375,3.1484375,2.046875
2022-02-20 11:00:00,0.2,11.5,49.4,2.0,1.0,230,290.0,2.671875,0.953125,43.25,2.859375,1.921875
2022-02-20 12:00:00,0.3,17.5,45.2,2.0,1.0,310,287.0,2.8671875,1.1289062,45.375,2.8125,1.9609375
2022-02-20 13:00:00,0.3,11.6,51.3,3.5,1.5,220,310.0,5.0,1.4140625,42.125,5.21875,3.375
2022-02-20 14:00:00,0.3,13.8,51.8,5.0,2.0,230,347.0,8.71875,2.2890625,35.375,8.75,5.515625
2022-02-20 15:00:00,0.2,10.4,58.8,5.0,2.0,290,377.0,13.875,3.2421875,29.3125,11.875,7.53125
2022-02-20 16:00:00,0.2,10.6,57.7,5.5,2.0,220,410.0,17.9375,4.21875,25.375,15.125,9.65625
2022-02-20 17:00:00,0.2,15.1,54.0,6.0,2.0,280,413.0,16.0625,4.28125,27.125,15.96875,10.21875
2022-02-20 18:00:00,0.2,22.1,46.6,6.0,2.0,270,387.0,11.28125,3.6015625,32.125,13.6875,8.875
2022-02-20 19:00:00,0.3,15.1,51.0,5.0,2.5,250,353.0,7.453125,2.6171875,36.75,10.78125,7.28125
2022-02-20 20:00:00,0.2,13.1,54.3,4.0,3.0,260,340.0,6.25,2.140625,37.875,10.0,6.953125
2022-02-20 21:00:00,0.2,10.3,59.8,4.0,3.0,270,323.0,5.734375,1.90625,38.25,9.0,6.609375
2022-02-20 22:00:00,0.2,11.4,59.2,3.5,3.0,270,303.0,5.046875,1.6835938,41.125,7.875,6.328125
2022-02-20 23:00:00,0.2,7.1,64.7,3.0,3.0,230,300.0,4.53125,1.4882812,43.875,7.71875,6.390625
2022-02-21 00:00:00,0.1,4.3,67.5,3.0,3.0,210,293.0,3.8984375,1.3671875,46.375,7.375,6.078125
2022-02-21 01:00:00,0.1,4.0,67.2,3.0,2.5,210,290.0,3.296875,1.4882812,50.75,6.40625,5.0625
2022-02-21 02:00:00,0.2,1.6,65.0,3.0,2.0,190,290.0,3.3828125,1.8320312,50.75,6.515625,5.015625
2022-02-21 03:00:00,0.2,0.6,64.9,3.0,2.0,180,290.0,3.7265625,2.171875,50.75,6.125,4.59375
2022-02-21 04:00:00,0.1,0.6,63.9,2.5,1.5,180,293.0,4.65625,2.6171875,48.625,5.734375,4.25
2022-02-21 05:00:00,0.1,0.0,67.9,2.0,1.0,180,310.0,5.46875,2.9453125,47.875,6.640625,4.46875
2022-02-21 06:00:00,0.1,2.0,67.9,2.0,1.0,170,313.0,5.640625,2.859375,49.25,6.390625,4.0
2022-02-21 07:00:00,0.3,8.0,59.6,1.5,0.5,180,300.0,4.796875,2.203125,51.375,4.515625,3.03125
2022-02-21 08:00:00,0.3,19.3,50.6,1.0,0.0,200,300.0,4.96875,2.140625,50.0,4.1875,2.9609375
2022-02-21 09:00:00,0.2,19.3,53.9,1.0,0.0,190,297.0,4.75,2.0859375,49.25,3.140625,2.203125
2022-02-21 10:00:00,0.1,14.8,58.6,1.0,0.0,190,290.0,4.28125,1.8007812,50.75,2.0,1.3828125
2022-02-21 11:00:00,0.1,14.4,59.7,1.0,0.0,180,283.0,3.9375,1.578125,52.125,1.5859375,1.1054688
2022-02-21 12:00:00,0.1,13.4,59.9,1.0,0.0,190,287.0,4.359375,1.5195312,50.0,2.3125,1.90625
2022-02-21 13:00:00,0.2,15.7,56.6,1.5,0.0,170,290.0,4.921875,1.53125,47.875,3.1953125,2.7578125
2022-02-21 14:00:00,0.2,14.7,55.6,2.0,0.0,170,297.0,5.8125,1.7109375,45.75,3.3671875,2.8046875
2022-02-21 15:00:00,0.2,15.5,52.8,2.0,0.0,180,307.0,7.015625,1.578125,41.375,3.8359375,3.125
2022-02-21 16:00:00,0.1,16.4,47.1,2.5,0.5,200,310.0,7.703125,1.4296875,38.875,3.828125,2.9140625
2022-02-21 17:00:00,0.2,17.3,43.0,3.0,1.0,200,300.0,7.109375,1.3828125,44.625,3.5859375,2.4375
2022-02-21 18:00:00,0.2,21.1,35.3,3.0,1.0,220,287.0,5.171875,1.3085938,57.125,3.09375,1.8554688
2022-02-21 19:00:00,0.2,20.5,34.0,3.0,1.0,220,277.0,3.5546875,1.21875,64.25,2.5234375,1.4140625
2022-02-21 20:00:00,0.3,11.4,47.1,3.0,1.0,200,273.0,3.3359375,1.234375,65.0,2.484375,1.390625
2022-02-21 21:00:00,0.1,6.2,62.0,3.0,1.0,180,267.0,3.3359375,1.1914062,64.25,2.140625,1.1953125
2022-02-21 22:00:00,0.1,3.3,76.6,3.0,0.5,170,257.0,3.296875,1.1289062,64.25,1.4257812,0.8066406
2022-02-21 23:00:00,0.1,2.1,78.0,3.0,0.0,180,260.0,3.7265625,1.3085938,62.875,1.3867188,0.875
2022-02-22 00:00:00,0.1,1.7,76.8,3.0,0.0,180,263.0,4.359375,1.5625,60.75,1.6640625,1.1289062
2022-02-22 01:00:00,0.1,0.9,77.5,2.5,0.0,180,280.0,5.90625,2.0234375,55.75,2.1640625,1.5234375
2022-02-22 02:00:00,0.1,0.3,78.4,2.0,0.0,180,297.0,8.5625,2.828125,50.75,2.765625,1.9765625
2022-02-22 03:00:00,0.1,0.1,78.5,2.0,0.0,180,320.0,11.96875,3.8671875,46.375,3.2578125,2.3828125
2022-02-22 04:00:00,0.1,0.3,77.3,1.5,0.0,180,340.0,14.5625,4.703125,43.625,3.71875,2.84375
2022-02-22 05:00:00,0.1,3.7,70.0,1.0,0.0,180,363.0,13.34375,4.28125,45.375,4.59375,3.578125
2022-02-22 06:00:00,0.2,27.6,46.9,1.0,0.0,170,350.0,11.125,3.421875,42.875,3.671875,2.9140625
2022-02-22 07:00:00,1.0,66.3,14.4,1.5,0.5,290,313.0,10.6875,3.9296875,36.75,3.0078125,2.34375
2022-02-22 08:00:00,0.9,72.3,5.5,2.0,1.0,420,320.0,10.78125,4.578125,32.125,3.40625,2.5546875
2022-02-22 09:00:00,1.0,58.0,21.1,2.0,1.0,300,327.0,10.875,5.0625,32.875,3.546875,2.6640625
2022-02-22 10:00:00,0.8,34.1,24.1,3.0,1.5,230,327.0,10.53125,4.875,35.75,3.5703125,2.6484375
2022-02-22 11:00:00,1.0,42.4,22.4,4.0,2.0,240,313.0,8.625,4.046875,38.25,3.09375,1.9921875
2022-02-22 12:00:00,1.6,54.6,15.6,4.0,2.0,260,300.0,6.25,2.9140625,41.125,2.1640625,1.0898438
2022-02-22 13:00:00,1.6,54.6,16.6,5.0,2.5,150,287.0,3.7265625,1.7109375,45.375,1.5234375,0.7089844
2022-02-22 14:00:00,0.8,38.2,34.0,6.0,3.0,190,283.0,3.2109375,1.4726562,46.375,1.3632812,0.6933594
2022-02-22 15:00:00,0.8,34.7,37.5,6.0,3.0,260,283.0,3.5546875,1.546875,47.125,1.4335938,0.79296875
2022-02-22 16:00:00,0.9,37.6,36.8,5.5,2.5,290,283.0,3.5546875,1.53125,49.25,1.8125,1.1054688
2022-02-22 17:00:00,0.7,37.2,36.7,5.0,2.0,300,290.0,3.59375,1.578125,50.0,2.359375,1.4765625
2022-02-22 18:00:00,0.8,39.2,37.1,5.0,2.0,310,293.0,3.7265625,1.7109375,50.75,2.6171875,1.609375
2022-02-22 19:00:00,0.7,39.0,37.3,5.5,2.0,310,297.0,3.8984375,1.8476562,51.375,2.828125,1.734375
2022-02-22 20:00:00,0.5,31.3,44.0,6.0,2.0,290,300.0,4.109375,1.9960938,51.375,3.09375,1.8867188
2022-02-22 21:00:00,0.4,23.1,50.1,6.0,2.0,260,297.0,4.28125,2.0546875,51.375,2.7421875,1.6796875
2022-02-22 22:00:00,0.4,18.9,53.7,6.5,2.5,240,290.0,4.28125,2.0234375,51.375,1.78125,1.125
2022-02-22 23:00:00,0.4,13.6,54.4,7.0,3.0,240,287.0,4.578125,2.203125,51.375,1.6210938,1.0507812
2022-02-23 00:00:00,0.3,9.6,58.7,7.0,3.0,240,290.0,5.21875,2.46875,49.25,1.671875,1.0898438
2022-02-23 01:00:00,0.3,4.4,63.0,6.0,2.5,230,297.0,6.25,2.859375,45.75,3.0859375,2.046875
2022-02-23 02:00:00,0.3,3.4,63.1,5.0,2.0,210,300.0,6.328125,2.796875,45.375,3.3984375,2.2421875
2022-02-23 03:00:00,0.3,3.9,62.1,5.0,2.0,210,303.0,6.25,2.5625,45.375,3.734375,2.453125
2022-02-23 04:00:00,0.3,4.7,60.6,4.5,2.5,200,327.0,6.765625,2.5625,43.25,5.609375,3.578125
2022-02-23 05:00:00,0.3,3.3,62.0,4.0,3.0,200,413.0,10.6875,3.78125,36.375,14.375,8.90625
2022-02-23 06:00:00,0.3,4.0,61.4,4.0,3.0,220,520.0,17.625,5.359375,26.0625,25.6875,15.9375
2022-02-23 07:00:00,0.5,17.6,48.8,4.0,3.0,240,594.0,22.25,6.546875,18.5625,34.5,21.4375
2022-02-23 08:00:00,0.9,54.6,15.8,4.0,3.0,260,580.0,20.5625,6.546875,19.4375,34.0,21.0625
2022-02-23 09:00:00,1.1,60.6,13.2,4.0,3.0,280,473.0,15.0625,5.53125,28.25,22.9375,14.34375
2022-02-23 10:00:00,1.1,53.0,20.6,6.0,4.5,310,317.0,6.671875,3.6015625,47.125,6.609375,4.390625
2022-02-23 11:00:00,0.9,46.1,26.0,8.0,6.0,280,300.0,4.578125,2.6796875,52.875,4.3125,2.78125
2022-02-23 12:00:00,0.8,39.1,33.3,8.0,6.0,290,293.0,3.7265625,2.109375,55.75,3.453125,2.078125
2022-02-23 13:00:00,0.5,29.3,41.1,10.0,7.0,260,313.0,4.703125,2.0859375,53.625,5.03125,2.8359375
2022-02-23 14:00:00,0.5,24.7,46.0,12.0,8.0,240,347.0,6.84375,2.3828125,48.625,7.90625,4.359375
2022-02-23 15:00:00,0.6,29.2,43.3,12.0,8.0,260,373.0,9.15625,2.6171875,44.25,10.34375,5.625
2022-02-23 16:00:00,0.5,28.3,44.4,12.0,7.5,250,407.0,11.46875,3.0390625,40.0,13.65625,7.40625
2022-02-23 17:00:00,0.5,31.9,40.4,12.0,7.0,240,433.0,11.46875,3.3671875,38.25,17.3125,9.28125
2022-02-23 18:00:00,0.5,40.8,30.1,12.0,7.0,240,440.0,10.28125,3.390625,38.25,19.0625,10.09375
2022-02-23 19:00:00,0.6,45.7,26.1,10.5,6.0,310,423.0,8.71875,3.125,39.25,17.5625,9.1875
2022-02-23 20:00:00,0.5,41.2,34.0,9.0,5.0,370,387.0,6.9375,2.6796875,42.125,13.75,7.125
2022-02-23 21:00:00,0.4,17.2,55.6,9.0,5.0,260,333.0,4.75,1.90625,50.0,8.3125,4.234375
2022-02-23 22:00:00,0.3,11.9,60.1,8.0,5.0,220,283.0,2.484375,1.1015625,60.0,3.328125,1.7539062
2022-02-23 23:00:00,0.4,10.0,63.7,7.0,5.0,220,277.0,1.90625,1.0117188,62.125,2.7734375,1.7070312
2022-02-24 00:00:00,0.3,2.6,71.1,7.0,5.0,190,280.0,2.0703125,1.1171875,60.75,3.7421875,2.65625
2022-02-24 01:00:00,0.2,1.7,72.3,5.5,4.0,190,273.0,1.796875,1.0859375,61.5,3.25,2.5703125
2022-02-24 02:00:00,0.3,0.6,72.2,4.0,3.0,190,273.0,1.96875,1.0703125,59.25,3.578125,3.0546875
2022-02-24 03:00:00,0.3,0.4,71.0,4.0,3.0,190,273.0,2.2265625,1.0273438,56.5,4.34375,3.8828125
2022-02-24 04:00:00,0.2,0.3,70.8,2.5,2.0,180,277.0,2.328125,0.8183594,55.75,5.015625,4.421875
2022-02-24 05:00:00,0.3,0.2,72.4,1.0,1.0,150,283.0,2.9921875,0.765625,53.625,6.3125,5.359375
2022-02-24 06:00:00,0.2,0.6,71.9,1.0,1.0,170,283.0,3.421875,0.72265625,53.625,6.859375,5.59375
2022-02-24 07:00:00,0.3,1.2,71.2,1.5,0.5,190,273.0,2.8203125,0.6542969,59.25,5.703125,4.265625
2022-02-24 08:00:00,0.2,2.4,69.4,2.0,0.0,180,263.0,2.484375,0.72265625,65.75,5.203125,3.703125
2022-02-24 09:00:00,0.3,3.6,69.0,2.0,0.0,150,257.0,2.484375,0.78125,67.75,5.65625,4.328125
2022-02-24 10:00:00,0.3,5.4,67.9,3.5,0.5,160,257.0,2.5859375,0.7890625,67.75,6.421875,5.234375
2022-02-24 11:00:00,0.3,5.6,67.0,5.0,1.0,190,260.0,2.8203125,0.8261719,67.0,7.640625,6.53125
2022-02-24 12:00:00,0.4,6.0,68.6,5.0,1.0,200,267.0,3.2109375,1.1015625,67.75,9.625,8.375
2022-02-24 13:00:00,0.4,5.2,71.3,7.0,2.5,190,270.0,3.7265625,1.5625,69.25,11.09375,9.59375
2022-02-24 14:00:00,0.5,6.8,70.9,9.0,4.0,210,270.0,4.140625,1.7421875,69.25,11.75,9.96875
2022-02-24 15:00:00,0.6,7.4,70.2,9.0,4.0,250,270.0,4.484375,1.5195312,68.5,11.5,9.75
2022-02-24 16:00:00,0.7,7.5,69.7,10.5,5.0,220,270.0,4.484375,1.3398438,69.25,10.625,9.125
2022-02-24 17:00:00,0.7,8.2,70.0,12.0,6.0,220,273.0,4.359375,1.3828125,69.25,10.78125,9.3125
2022-02-24 18:00:00,0.6,8.1,71.4,12.0,6.0,220,280.0,4.28125,1.578125,68.5,11.875,10.3125
2022-02-24 19:00:00,0.6,8.4,71.7,11.5,6.0,230,280.0,4.359375,1.8320312,67.75,13.125,11.5
2022-02-24 20:00:00,0.6,7.7,71.9,11.0,6.0,230,283.0,4.3125,1.9960938,67.0,13.71875,12.09375
2022-02-24 21:00:00,0.7,6.2,73.5,11.0,6.0,220,283.0,4.234375,2.203125,67.0,13.78125,12.34375
2022-02-24 22:00:00,0.7,4.0,75.1,10.5,6.0,190,280.0,4.359375,2.2578125,67.0,13.84375,12.6875
2022-02-24 23:00:00,0.7,3.0,75.8,10.0,6.0,190,277.0,4.359375,2.140625,67.75,13.65625,12.53125
2022-02-25 00:00:00,0.7,2.0,75.6,10.0,6.0,200,273.0,3.5078125,1.90625,69.25,12.28125,11.21875
2022-02-25 01:00:00,0.6,1.8,72.8,10.0,5.5,210,277.0,3.765625,2.765625,67.75,14.875,12.53125
2022-02-25 02:00:00,0.5,1.8,68.0,10.0,5.0,200,277.0,3.3359375,2.3515625,67.75,13.8125,11.65625
2022-02-25 03:00:00,0.4,1.2,66.5,10.0,5.0,200,277.0,3.125,1.9960938,69.25,12.28125,10.5625
2022-02-25 04:00:00,0.3,1.5,66.3,10.0,5.5,200,277.0,3.25,2.109375,69.25,10.84375,9.65625
2022-02-25 05:00:00,0.3,1.7,64.3,10.0,6.0,200,287.0,3.5546875,2.46875,68.5,10.5625,9.5625
2022-02-25 06:00:00,0.3,1.7,62.0,10.0,6.0,200,293.0,3.765625,2.9140625,67.75,10.75,9.8125
2022-02-25 07:00:00,0.3,2.6,57.9,9.5,5.5,210,300.0,3.6796875,3.2421875,67.0,9.125,8.5
2022-02-25 08:00:00,0.4,5.9,55.2,9.0,5.0,210,303.0,3.8515625,2.6484375,65.75,6.65625,6.296875
2022-02-25 09:00:00,0.4,8.4,52.7,9.0,5.0,210,283.0,3.296875,1.265625,62.125,2.0234375,1.8085938
2022-02-25 10:00:00,0.4,9.7,50.5,8.0,6.0,200,267.0,2.71875,0.5136719,59.25,0.64453125,0.5
2022-02-25 11:00:00,0.3,8.1,52.6,7.0,7.0,210,260.0,3.0390625,0.69921875,59.25,0.6386719,0.5
2022-02-25 12:00:00,0.4,7.0,56.8,7.0,7.0,200,257.0,2.375,0.71484375,60.75,0.6777344,0.5
2022-02-25 13:00:00,0.4,7.1,66.8,7.0,6.5,190,257.0,1.8398438,0.5878906,62.125,0.7910156,0.5
2022-02-25 14:00:00,0.3,11.1,66.9,7.0,6.0,180,257.0,2.2421875,0.68359375,60.75,1.0195312,0.5
2022-02-25 15:00:00,0.4,14.7,59.5,7.0,6.0,200,260.0,3.078125,0.86328125,58.625,1.203125,0.5253906
